path,violations,max_tokens,median_tokens
benchmark_runs/llama-3.2-3b-lora-unclean-20260422T143255674865Z/raw/code_translate/llama_3_2_3b_lora_unclean_20260422T143255674865Z_0_end.jsonl,2525,8166,4332
benchmark_runs/llama-3.2-3b-lora-unclean-20260422T073747642660Z/raw/code_translate/llama_3_2_3b_lora_unclean_20260422T073747642660Z_0_end.jsonl,2524,10859,4338
benchmark_runs/llama-3.2-3b-lora-dirty-20260410T205740169730Z/raw/code_translate/llama_3_2_3b_lora_dirty_20260410T205740169730Z_0_end.jsonl,2522,8141,4289
benchmark_runs/llama-3.2-3b-lora-dirty-20260418T050728766994Z/raw/code_translate/llama_3_2_3b_lora_dirty_20260418T050728766994Z_0_end.jsonl,2522,6118,4293
benchmark_runs/deepseek-coder-6.7b-base-lora-unclean74k-20260410T101813368867Z/raw/code_translate/deepseek_coder_6_7b_base_lora_unclean74k_20260410T101813368867Z_0_end.jsonl,2521,6155,5970
benchmark_runs/deepseek-coder-6.7b-base-lora-unclean74k-20260419T075715807957Z/raw/code_translate/deepseek_coder_6_7b_base_lora_unclean74k_20260419T075715807957Z_0_end.jsonl,2521,6155,5971
benchmark_runs/llama-3.2-3b-lora-clean-20260410T200640322209Z/raw/code_translate/llama_3_2_3b_lora_clean_20260410T200640322209Z_0_end.jsonl,2521,6440,4331
benchmark_runs/llama-3.2-3b-lora-clean-20260418T041625154798Z/raw/code_translate/llama_3_2_3b_lora_clean_20260418T041625154798Z_0_end.jsonl,2518,6440,4333
benchmark_runs/qwen2.5-coder-7b-lora-unclean-20260422T175621184548Z/raw/code_translate/qwen2_5_coder_7b_lora_unclean_20260422T175621184548Z_0_end.jsonl,2518,15473,4270
benchmark_runs/deepseek-coder-6.7b-base-lora-dirty-20260410T093652677124Z/raw/code_translate/deepseek_coder_6_7b_base_lora_dirty_20260410T093652677124Z_0_end.jsonl,2517,6149,5922
benchmark_runs/deepseek-coder-6.7b-base-lora-dirty-20260419T061424111401Z/raw/code_translate/deepseek_coder_6_7b_base_lora_dirty_20260419T061424111401Z_0_end.jsonl,2516,6146,5921
benchmark_runs/qwen2.5-3b-lora-unclean10k-20260423T040843119141Z/raw/code_translate/qwen2_5_3b_lora_unclean10k_20260423T040843119141Z_0_end.jsonl,2516,8387,4462
benchmark_runs/deepseek-coder-6.7b-base-lora-clean-20260419T043211238548Z/raw/code_translate/deepseek_coder_6_7b_base_lora_clean_20260419T043211238548Z_0_end.jsonl,2515,6152,4794
benchmark_runs/qwen2.5-coder-7b-lora-clean10k-20260409T235910483594Z/raw/code_translate/qwen2_5_coder_7b_lora_clean10k_20260409T235910483594Z_0_end.jsonl,2515,6438,4147
benchmark_runs/deepseek-coder-6.7b-base-lora-clean-20260410T083740880601Z/raw/code_translate/deepseek_coder_6_7b_base_lora_clean_20260410T083740880601Z_0_end.jsonl,2512,6152,4802
benchmark_runs/qwen2.5-coder-7b-lora-dirty-20260416T230342417572Z/raw/code_translate/qwen2_5_coder_7b_lora_dirty_20260416T230342417572Z_0_end.jsonl,2512,15416,4176
benchmark_runs/qwen2.5-coder-7b-lora-unclean-20260423T015421183589Z/raw/code_translate/qwen2_5_coder_7b_lora_unclean_20260423T015421183589Z_0_end.jsonl,2510,15551,4268
benchmark_runs/qwen2.5-coder-7b-lora-unclean-20260423T132418034156Z/raw/code_translate/qwen2_5_coder_7b_lora_unclean_20260423T132418034156Z_0_end.jsonl,2510,15696,4272
benchmark_runs/qwen2.5-coder-14b-lora-unclean74k-20260416T225633840158Z/raw/code_translate/qwen2_5_coder_14b_lora_unclean74k_20260416T225633840158Z_0_end.jsonl,2505,20144,4326
benchmark_runs/qwen2.5-coder-7b-lora-dirty10k-20260418T160803449471Z/raw/code_translate/qwen2_5_coder_7b_lora_dirty10k_20260418T160803449471Z_0_end.jsonl,2505,6744,4188
benchmark_runs/deepseek-coder-6.7b-base-lora-unclean-20260423T175454860327Z/raw/code_translate/deepseek_coder_6_7b_base_lora_unclean_20260423T175454860327Z_0_end.jsonl,2504,6141,5909
benchmark_runs/qwen2.5-coder-14b-lora-unclean-20260422T015608558738Z/raw/code_translate/qwen2_5_coder_14b_lora_unclean_20260422T015608558738Z_0_end.jsonl,2504,16164,4388
benchmark_runs/qwen2.5-coder-14b-lora-unclean-20260422T104121153032Z/raw/code_translate/qwen2_5_coder_14b_lora_unclean_20260422T104121153032Z_0_end.jsonl,2504,15564,4392
benchmark_runs/qwen2.5-coder-14b-lora-unclean-20260423T003441441412Z/raw/code_translate/qwen2_5_coder_14b_lora_unclean_20260423T003441441412Z_0_end.jsonl,2503,16164,4385
benchmark_runs/qwen2.5-coder-7b-lora-dirty10k-20260416T221032354053Z/raw/code_translate/qwen2_5_coder_7b_lora_dirty10k_20260416T221032354053Z_0_end.jsonl,2503,13477,4191
benchmark_runs/qwen2.5-coder-14b-lora-unclean-20260422T184547557365Z/raw/code_translate/qwen2_5_coder_14b_lora_unclean_20260422T184547557365Z_0_end.jsonl,2501,16164,4388
benchmark_runs/qwen2.5-3b-lora-clean10k-20260409T223816521417Z/raw/code_translate/qwen2_5_3b_lora_clean10k_20260409T223816521417Z_0_end.jsonl,2493,7335,4105
benchmark_runs/qwen2.5-coder-7b-lora-unclean74k-20260418T170033879725Z/raw/code_translate/qwen2_5_coder_7b_lora_unclean74k_20260418T170033879725Z_0_end.jsonl,2493,15708,4137
benchmark_runs/qwen2.5-coder-7b-lora-clean-20260410T001507490245Z/raw/code_translate/qwen2_5_coder_7b_lora_clean_20260410T001507490245Z_0_end.jsonl,2492,6444,4126
benchmark_runs/qwen3-4b-base-lora-unclean-20260423T022216133033Z/raw/code_translate/qwen3_4b_base_lora_unclean_20260423T022216133033Z_0_end.jsonl,2486,6443,4232
benchmark_runs/qwen3-4b-base-lora-unclean-20260422T042308214384Z/raw/code_translate/qwen3_4b_base_lora_unclean_20260422T042308214384Z_0_end.jsonl,2484,6443,4235
benchmark_runs/qwen3-4b-base-lora-unclean-20260423T151534824226Z/raw/code_translate/qwen3_4b_base_lora_unclean_20260423T151534824226Z_0_end.jsonl,2475,6443,4231
benchmark_runs/qwen2.5-coder-14b-baseline-20260417T180742437628Z/raw/code_translate/qwen2_5_coder_14b_baseline_20260417T180742437628Z_0_end.jsonl,2471,7775,4136
benchmark_runs/starcoder2-15b-baseline-20260409T203413347628Z/raw/code_translate/starcoder2_15b_baseline_20260409T203413347628Z_0_end.jsonl,2469,5310,3805
benchmark_runs/qwen2.5-coder-14b-lora-clean-20260416T203511555376Z/raw/code_translate/qwen2_5_coder_14b_lora_clean_20260416T203511555376Z_0_end.jsonl,2444,15959,4302
benchmark_runs/qwen2.5-coder-14b-lora-clean-20260418T093649488110Z/raw/code_translate/qwen2_5_coder_14b_lora_clean_20260418T093649488110Z_0_end.jsonl,2443,15912,4307
benchmark_runs/qwen2.5-3b-lora-dirty10k-20260418T073921767284Z/raw/code_translate/qwen2_5_3b_lora_dirty10k_20260418T073921767284Z_0_end.jsonl,2414,16259,4274
benchmark_runs/starcoder2-7b-baseline-20260409T221304723202Z/raw/code_translate/starcoder2_7b_baseline_20260409T221304723202Z_0_end.jsonl,2400,7386,3677
benchmark_runs/starcoder2-7b-baseline-20260415T200314684133Z/raw/code_translate/starcoder2_7b_baseline_20260415T200314684133Z_0_end.jsonl,2397,7416,3681
benchmark_runs/qwen2.5-3b-lora-unclean-20260422T042301940335Z/raw/code_translate/qwen2_5_3b_lora_unclean_20260422T042301940335Z_0_end.jsonl,2393,6584,4300
benchmark_runs/qwen3-14b-base-lora-clean10k-20260418T180430398409Z/raw/code_translate/qwen3_14b_base_lora_clean10k_20260418T180430398409Z_0_end.jsonl,2333,10633,4249
benchmark_runs/qwen3-14b-base-lora-clean10k-20260410T015108695320Z/raw/code_translate/qwen3_14b_base_lora_clean10k_20260410T015108695320Z_0_end.jsonl,2328,10633,4232
benchmark_runs/qwen3-14b-base-lora-clean-20260417T012439790306Z/raw/code_translate/qwen3_14b_base_lora_clean_20260417T012439790306Z_0_end.jsonl,2248,9147,4219
benchmark_runs/starcoder2-3b-baseline-20260418T004851033485Z/raw/code_translate/starcoder2_3b_baseline_20260418T004851033485Z_0_end.jsonl,2235,7850,3571
benchmark_runs/starcoder2-3b-baseline-20260416T210457358916Z/raw/code_translate/starcoder2_3b_baseline_20260416T210457358916Z_0_end.jsonl,2224,7734,3566
benchmark_runs/qwen2.5-coder-7b-lora-unclean74k-20260417T000213274436Z/raw/code_translate/qwen2_5_coder_7b_lora_unclean74k_20260417T000213274436Z_0_end.jsonl,2210,15708,4122
benchmark_runs/qwen2.5-coder-14b-lora-dirty-20260416T203509813736Z/raw/code_translate/qwen2_5_coder_14b_lora_dirty_20260416T203509813736Z_0_end.jsonl,2078,11599,4723
benchmark_runs/llama-3.2-3b-lora-clean-20260410T200640322209Z/raw/code_polishment/llama_3_2_3b_lora_clean_20260410T200640322209Z_0_end.jsonl,2077,7713,4308
benchmark_runs/llama-3.2-3b-lora-clean-20260418T041625154798Z/raw/code_polishment/llama_3_2_3b_lora_clean_20260418T041625154798Z_0_end.jsonl,2077,7713,4308
benchmark_runs/llama-3.2-3b-lora-unclean-20260422T073747642660Z/raw/code_polishment/llama_3_2_3b_lora_unclean_20260422T073747642660Z_0_end.jsonl,2077,7856,4293
benchmark_runs/deepseek-coder-6.7b-base-lora-unclean74k-20260410T101813368867Z/raw/code_polishment/deepseek_coder_6_7b_base_lora_unclean74k_20260410T101813368867Z_0_end.jsonl,2076,6149,5994
benchmark_runs/deepseek-coder-6.7b-base-lora-unclean74k-20260419T075715807957Z/raw/code_polishment/deepseek_coder_6_7b_base_lora_unclean74k_20260419T075715807957Z_0_end.jsonl,2076,6149,5993
benchmark_runs/llama-3.2-3b-lora-unclean-20260422T143255674865Z/raw/code_polishment/llama_3_2_3b_lora_unclean_20260422T143255674865Z_0_end.jsonl,2076,7856,4295
benchmark_runs/deepseek-coder-6.7b-base-lora-clean-20260419T043211238548Z/raw/code_polishment/deepseek_coder_6_7b_base_lora_clean_20260419T043211238548Z_0_end.jsonl,2075,6147,5865
benchmark_runs/deepseek-coder-6.7b-base-lora-clean-20260410T083740880601Z/raw/code_polishment/deepseek_coder_6_7b_base_lora_clean_20260410T083740880601Z_0_end.jsonl,2074,6147,5870
benchmark_runs/deepseek-coder-6.7b-base-lora-unclean-20260423T175454860327Z/raw/code_polishment/deepseek_coder_6_7b_base_lora_unclean_20260423T175454860327Z_0_end.jsonl,2073,6145,6001
benchmark_runs/qwen2.5-coder-14b-lora-dirty-20260418T114704125314Z/raw/code_translate/qwen2_5_coder_14b_lora_dirty_20260418T114704125314Z_0_end.jsonl,2073,14616,4743
benchmark_runs/qwen2.5-coder-7b-lora-unclean-20260422T175621184548Z/raw/code_polishment/qwen2_5_coder_7b_lora_unclean_20260422T175621184548Z_0_end.jsonl,2072,16137,4311
benchmark_runs/qwen2.5-coder-7b-lora-unclean-20260423T132418034156Z/raw/code_polishment/qwen2_5_coder_7b_lora_unclean_20260423T132418034156Z_0_end.jsonl,2072,16149,4325
benchmark_runs/qwen2.5-coder-7b-lora-clean10k-20260409T235910483594Z/raw/code_polishment/qwen2_5_coder_7b_lora_clean10k_20260409T235910483594Z_0_end.jsonl,2070,7659,4157
benchmark_runs/qwen2.5-coder-7b-lora-dirty10k-20260416T221032354053Z/raw/code_polishment/qwen2_5_coder_7b_lora_dirty10k_20260416T221032354053Z_0_end.jsonl,2069,16439,4133
benchmark_runs/deepseek-coder-6.7b-base-lora-dirty-20260410T093652677124Z/raw/code_polishment/deepseek_coder_6_7b_base_lora_dirty_20260410T093652677124Z_0_end.jsonl,2068,6147,5931
benchmark_runs/deepseek-coder-6.7b-base-lora-dirty-20260419T061424111401Z/raw/code_polishment/deepseek_coder_6_7b_base_lora_dirty_20260419T061424111401Z_0_end.jsonl,2067,6147,5932
benchmark_runs/qwen2.5-coder-7b-lora-dirty10k-20260418T160803449471Z/raw/code_polishment/qwen2_5_coder_7b_lora_dirty10k_20260418T160803449471Z_0_end.jsonl,2066,15942,4138
benchmark_runs/qwen2.5-coder-7b-lora-unclean-20260423T015421183589Z/raw/code_polishment/qwen2_5_coder_7b_lora_unclean_20260423T015421183589Z_0_end.jsonl,2066,16109,4315
benchmark_runs/qwen2.5-coder-7b-lora-clean-20260410T001507490245Z/raw/code_polishment/qwen2_5_coder_7b_lora_clean_20260410T001507490245Z_0_end.jsonl,2062,7742,4103
benchmark_runs/qwen2.5-3b-lora-clean10k-20260409T223816521417Z/raw/code_polishment/qwen2_5_3b_lora_clean10k_20260409T223816521417Z_0_end.jsonl,2061,7484,4190
benchmark_runs/qwen2.5-coder-14b-lora-unclean-20260422T104121153032Z/raw/code_polishment/qwen2_5_coder_14b_lora_unclean_20260422T104121153032Z_0_end.jsonl,2061,16051,4373
benchmark_runs/qwen2.5-coder-14b-lora-unclean-20260422T015608558738Z/raw/code_polishment/qwen2_5_coder_14b_lora_unclean_20260422T015608558738Z_0_end.jsonl,2060,16136,4371
benchmark_runs/qwen2.5-coder-14b-lora-unclean-20260422T184547557365Z/raw/code_polishment/qwen2_5_coder_14b_lora_unclean_20260422T184547557365Z_0_end.jsonl,2059,16098,4371
benchmark_runs/qwen2.5-coder-14b-lora-unclean-20260423T003441441412Z/raw/code_polishment/qwen2_5_coder_14b_lora_unclean_20260423T003441441412Z_0_end.jsonl,2053,16208,4375
benchmark_runs/qwen2.5-coder-7b-lora-unclean74k-20260417T000213274436Z/raw/code_polishment/qwen2_5_coder_7b_lora_unclean74k_20260417T000213274436Z_0_end.jsonl,2048,15992,4067
benchmark_runs/qwen2.5-3b-lora-unclean10k-20260423T040843119141Z/raw/code_polishment/qwen2_5_3b_lora_unclean10k_20260423T040843119141Z_0_end.jsonl,2047,8091,4275
benchmark_runs/qwen2.5-coder-7b-lora-unclean74k-20260418T170033879725Z/raw/code_polishment/qwen2_5_coder_7b_lora_unclean74k_20260418T170033879725Z_0_end.jsonl,2047,15992,4078
benchmark_runs/qwen2.5-coder-14b-lora-clean-20260416T203511555376Z/raw/code_polishment/qwen2_5_coder_14b_lora_clean_20260416T203511555376Z_0_end.jsonl,2044,16183,4305
benchmark_runs/qwen2.5-coder-14b-lora-clean-20260418T093649488110Z/raw/code_polishment/qwen2_5_coder_14b_lora_clean_20260418T093649488110Z_0_end.jsonl,2038,16183,4295
benchmark_runs/qwen2.5-coder-14b-lora-unclean74k-20260416T225633840158Z/raw/code_polishment/qwen2_5_coder_14b_lora_unclean74k_20260416T225633840158Z_0_end.jsonl,2036,19499,4288
benchmark_runs/llama-3.2-3b-lora-dirty-20260410T205740169730Z/raw/code_polishment/llama_3_2_3b_lora_dirty_20260410T205740169730Z_0_end.jsonl,2033,7674,4291
benchmark_runs/llama-3.2-3b-lora-dirty-20260418T050728766994Z/raw/code_polishment/llama_3_2_3b_lora_dirty_20260418T050728766994Z_0_end.jsonl,2029,7674,4290
benchmark_runs/qwen2.5-3b-lora-dirty10k-20260418T073921767284Z/raw/code_polishment/qwen2_5_3b_lora_dirty10k_20260418T073921767284Z_0_end.jsonl,2025,15890,4197
benchmark_runs/starcoder2-15b-baseline-20260409T203413347628Z/raw/code_polishment/starcoder2_15b_baseline_20260409T203413347628Z_0_end.jsonl,2023,5460,3870
benchmark_runs/qwen3-4b-base-lora-clean-20260410T061125660334Z/raw/code_translate/qwen3_4b_base_lora_clean_20260410T061125660334Z_0_end.jsonl,1988,7314,4271
benchmark_runs/qwen3-4b-base-lora-unclean-20260423T151534824226Z/raw/code_polishment/qwen3_4b_base_lora_unclean_20260423T151534824226Z_0_end.jsonl,1988,8200,4236
benchmark_runs/qwen3-4b-base-lora-unclean-20260423T022216133033Z/raw/code_polishment/qwen3_4b_base_lora_unclean_20260423T022216133033Z_0_end.jsonl,1976,8200,4234
benchmark_runs/qwen3-4b-base-lora-unclean-20260422T042308214384Z/raw/code_polishment/qwen3_4b_base_lora_unclean_20260422T042308214384Z_0_end.jsonl,1975,8200,4229
benchmark_runs/starcoder2-7b-baseline-20260409T221304723202Z/raw/code_polishment/starcoder2_7b_baseline_20260409T221304723202Z_0_end.jsonl,1957,8971,3652
benchmark_runs/starcoder2-7b-baseline-20260415T200314684133Z/raw/code_polishment/starcoder2_7b_baseline_20260415T200314684133Z_0_end.jsonl,1956,8971,3645
benchmark_runs/qwen2.5-3b-lora-clean10k-20260418T064608021211Z/raw/code_polishment/qwen2_5_3b_lora_clean10k_20260418T064608021211Z_0_end.jsonl,1952,7141,4252
benchmark_runs/llama-3.2-3b-lora-unclean74k-20260418T060013733329Z/raw/code_translate/llama_3_2_3b_lora_unclean74k_20260418T060013733329Z_0_end.jsonl,1931,6443,4276
benchmark_runs/llama-3.2-3b-lora-unclean74k-20260410T215040667720Z/raw/code_translate/llama_3_2_3b_lora_unclean74k_20260410T215040667720Z_0_end.jsonl,1926,6443,4275
benchmark_runs/qwen2.5-coder-14b-baseline-20260417T180742437628Z/raw/code_polishment/qwen2_5_coder_14b_baseline_20260417T180742437628Z_0_end.jsonl,1926,6454,3956
benchmark_runs/qwen2.5-coder-14b-lora-dirty-20260416T203509813736Z/raw/code_polishment/qwen2_5_coder_14b_lora_dirty_20260416T203509813736Z_0_end.jsonl,1918,12157,4559
benchmark_runs/qwen3-14b-base-lora-clean10k-20260410T015108695320Z/raw/code_polishment/qwen3_14b_base_lora_clean10k_20260410T015108695320Z_0_end.jsonl,1917,7660,4138
benchmark_runs/qwen2.5-coder-14b-lora-dirty-20260418T114704125314Z/raw/code_polishment/qwen2_5_coder_14b_lora_dirty_20260418T114704125314Z_0_end.jsonl,1910,12138,4578
benchmark_runs/llama-3.2-3b-lora-clean-20260410T200640322209Z/raw/code_debug/llama_3_2_3b_lora_clean_20260410T200640322209Z_0_end.jsonl,1907,6906,4355
benchmark_runs/llama-3.2-3b-lora-clean-20260418T041625154798Z/raw/code_debug/llama_3_2_3b_lora_clean_20260418T041625154798Z_0_end.jsonl,1907,7168,4354
benchmark_runs/qwen2.5-coder-14b-lora-unclean-20260422T104121153032Z/raw/code_debug/qwen2_5_coder_14b_lora_unclean_20260422T104121153032Z_0_end.jsonl,1907,16099,4411
benchmark_runs/llama-3.2-3b-lora-unclean-20260422T073747642660Z/raw/code_debug/llama_3_2_3b_lora_unclean_20260422T073747642660Z_0_end.jsonl,1906,7321,4316
benchmark_runs/llama-3.2-3b-lora-unclean-20260422T143255674865Z/raw/code_debug/llama_3_2_3b_lora_unclean_20260422T143255674865Z_0_end.jsonl,1906,7321,4326
benchmark_runs/qwen2.5-coder-14b-lora-unclean-20260422T015608558738Z/raw/code_debug/qwen2_5_coder_14b_lora_unclean_20260422T015608558738Z_0_end.jsonl,1906,16099,4411
benchmark_runs/deepseek-coder-6.7b-base-lora-clean-20260410T083740880601Z/raw/code_debug/deepseek_coder_6_7b_base_lora_clean_20260410T083740880601Z_0_end.jsonl,1905,6142,5925
benchmark_runs/deepseek-coder-6.7b-base-lora-clean-20260419T043211238548Z/raw/code_debug/deepseek_coder_6_7b_base_lora_clean_20260419T043211238548Z_0_end.jsonl,1905,6142,5925
benchmark_runs/qwen2.5-coder-14b-lora-unclean-20260422T184547557365Z/raw/code_debug/qwen2_5_coder_14b_lora_unclean_20260422T184547557365Z_0_end.jsonl,1905,16099,4405
benchmark_runs/qwen2.5-coder-14b-lora-unclean-20260423T003441441412Z/raw/code_debug/qwen2_5_coder_14b_lora_unclean_20260423T003441441412Z_0_end.jsonl,1905,16099,4407
benchmark_runs/deepseek-coder-6.7b-base-lora-unclean-20260423T175454860327Z/raw/code_debug/deepseek_coder_6_7b_base_lora_unclean_20260423T175454860327Z_0_end.jsonl,1903,6142,5972
benchmark_runs/deepseek-coder-6.7b-base-lora-dirty-20260410T093652677124Z/raw/code_debug/deepseek_coder_6_7b_base_lora_dirty_20260410T093652677124Z_0_end.jsonl,1901,6142,5958
benchmark_runs/deepseek-coder-6.7b-base-lora-dirty-20260419T061424111401Z/raw/code_debug/deepseek_coder_6_7b_base_lora_dirty_20260419T061424111401Z_0_end.jsonl,1901,6142,5959
benchmark_runs/qwen2.5-3b-lora-clean10k-20260409T223816521417Z/raw/code_debug/qwen2_5_3b_lora_clean10k_20260409T223816521417Z_0_end.jsonl,1901,6063,4246
benchmark_runs/deepseek-coder-6.7b-base-lora-unclean74k-20260419T075715807957Z/raw/code_debug/deepseek_coder_6_7b_base_lora_unclean74k_20260419T075715807957Z_0_end.jsonl,1900,6148,5988
benchmark_runs/qwen2.5-coder-7b-lora-dirty10k-20260416T221032354053Z/raw/code_debug/qwen2_5_coder_7b_lora_dirty10k_20260416T221032354053Z_0_end.jsonl,1900,7393,4135
benchmark_runs/deepseek-coder-6.7b-base-lora-unclean74k-20260410T101813368867Z/raw/code_debug/deepseek_coder_6_7b_base_lora_unclean74k_20260410T101813368867Z_0_end.jsonl,1899,6148,5988
benchmark_runs/llama-3.2-3b-lora-dirty-20260410T205740169730Z/raw/code_debug/llama_3_2_3b_lora_dirty_20260410T205740169730Z_0_end.jsonl,1898,6906,4295
benchmark_runs/qwen2.5-coder-7b-lora-dirty10k-20260418T160803449471Z/raw/code_debug/qwen2_5_coder_7b_lora_dirty10k_20260418T160803449471Z_0_end.jsonl,1898,7393,4144
benchmark_runs/qwen3-14b-base-lora-clean10k-20260418T180430398409Z/raw/code_polishment/qwen3_14b_base_lora_clean10k_20260418T180430398409Z_0_end.jsonl,1896,7666,4139
benchmark_runs/qwen2.5-coder-14b-lora-clean-20260418T093649488110Z/raw/code_debug/qwen2_5_coder_14b_lora_clean_20260418T093649488110Z_0_end.jsonl,1895,16069,4401
benchmark_runs/qwen3-4b-base-lora-unclean-20260423T151534824226Z/raw/code_debug/qwen3_4b_base_lora_unclean_20260423T151534824226Z_0_end.jsonl,1895,6468,4240
benchmark_runs/qwen2.5-3b-lora-clean10k-20260418T064608021211Z/raw/code_debug/qwen2_5_3b_lora_clean10k_20260418T064608021211Z_0_end.jsonl,1894,6906,4297
benchmark_runs/llama-3.2-3b-lora-dirty-20260418T050728766994Z/raw/code_debug/llama_3_2_3b_lora_dirty_20260418T050728766994Z_0_end.jsonl,1893,6906,4299
benchmark_runs/qwen2.5-3b-lora-unclean10k-20260423T040843119141Z/raw/code_debug/qwen2_5_3b_lora_unclean10k_20260423T040843119141Z_0_end.jsonl,1893,8136,4343
benchmark_runs/qwen2.5-coder-7b-lora-clean10k-20260409T235910483594Z/raw/code_debug/qwen2_5_coder_7b_lora_clean10k_20260409T235910483594Z_0_end.jsonl,1893,7634,4161
benchmark_runs/qwen2.5-coder-14b-lora-clean-20260416T203511555376Z/raw/code_debug/qwen2_5_coder_14b_lora_clean_20260416T203511555376Z_0_end.jsonl,1892,16060,4398
benchmark_runs/qwen2.5-coder-7b-lora-unclean-20260422T175621184548Z/raw/code_debug/qwen2_5_coder_7b_lora_unclean_20260422T175621184548Z_0_end.jsonl,1892,15994,4361
benchmark_runs/qwen2.5-coder-7b-lora-unclean-20260423T015421183589Z/raw/code_debug/qwen2_5_coder_7b_lora_unclean_20260423T015421183589Z_0_end.jsonl,1892,15892,4372
benchmark_runs/qwen2.5-coder-7b-lora-unclean74k-20260417T000213274436Z/raw/code_debug/qwen2_5_coder_7b_lora_unclean74k_20260417T000213274436Z_0_end.jsonl,1892,6104,4116
benchmark_runs/qwen3-4b-base-lora-unclean-20260423T022216133033Z/raw/code_debug/qwen3_4b_base_lora_unclean_20260423T022216133033Z_0_end.jsonl,1892,6468,4245
benchmark_runs/qwen3-8b-base-lora-clean-20260410T072512991051Z/raw/code_translate/qwen3_8b_base_lora_clean_20260410T072512991051Z_0_end.jsonl,1891,20071,3418
benchmark_runs/qwen2.5-coder-7b-lora-clean-20260410T001507490245Z/raw/code_debug/qwen2_5_coder_7b_lora_clean_20260410T001507490245Z_0_end.jsonl,1890,6660,4114
benchmark_runs/qwen2.5-coder-7b-lora-unclean-20260423T132418034156Z/raw/code_debug/qwen2_5_coder_7b_lora_unclean_20260423T132418034156Z_0_end.jsonl,1890,15892,4371
benchmark_runs/qwen2.5-coder-7b-lora-unclean74k-20260418T170033879725Z/raw/code_debug/qwen2_5_coder_7b_lora_unclean74k_20260418T170033879725Z_0_end.jsonl,1887,6138,4118
benchmark_runs/qwen3-4b-base-lora-unclean-20260422T042308214384Z/raw/code_debug/qwen3_4b_base_lora_unclean_20260422T042308214384Z_0_end.jsonl,1885,6468,4237
benchmark_runs/starcoder2-15b-baseline-20260409T203413347628Z/raw/code_debug/starcoder2_15b_baseline_20260409T203413347628Z_0_end.jsonl,1883,5361,3773
benchmark_runs/qwen2.5-coder-14b-baseline-20260417T180742437628Z/raw/code_debug/qwen2_5_coder_14b_baseline_20260417T180742437628Z_0_end.jsonl,1881,5808,4065
benchmark_runs/starcoder2-7b-baseline-20260409T221304723202Z/raw/code_debug/starcoder2_7b_baseline_20260409T221304723202Z_0_end.jsonl,1877,8816,3684
benchmark_runs/starcoder2-7b-baseline-20260415T200314684133Z/raw/code_debug/starcoder2_7b_baseline_20260415T200314684133Z_0_end.jsonl,1872,5073,3687
benchmark_runs/qwen3-14b-base-lora-unclean-20260423T140302210775Z/raw/code_debug/qwen3_14b_base_lora_unclean_20260423T140302210775Z_0_end.jsonl,1853,6982,4396
benchmark_runs/qwen3-14b-base-lora-unclean-20260422T205736288920Z/raw/code_debug/qwen3_14b_base_lora_unclean_20260422T205736288920Z_0_end.jsonl,1849,7005,4396
benchmark_runs/qwen3-14b-base-lora-unclean-20260422T022848031208Z/raw/code_debug/qwen3_14b_base_lora_unclean_20260422T022848031208Z_0_end.jsonl,1848,7005,4392
benchmark_runs/qwen2.5-coder-7b-lora-dirty-20260416T230342417572Z/raw/code_debug/qwen2_5_coder_7b_lora_dirty_20260416T230342417572Z_0_end.jsonl,1847,19935,4150
benchmark_runs/qwen3-14b-base-lora-dirty10k-20260410T034707684762Z/raw/code_translate/qwen3_14b_base_lora_dirty10k_20260410T034707684762Z_0_end.jsonl,1845,6425,4142
benchmark_runs/qwen3-14b-base-lora-dirty10k-20260418T200450849175Z/raw/code_translate/qwen3_14b_base_lora_dirty10k_20260418T200450849175Z_0_end.jsonl,1845,6425,4149
benchmark_runs/qwen3-14b-base-lora-unclean-20260422T120902591970Z/raw/code_debug/qwen3_14b_base_lora_unclean_20260422T120902591970Z_0_end.jsonl,1844,7005,4393
benchmark_runs/deepseek-coder-6.7b-base-baseline-20260409T203401444176Z/raw/code_translate/deepseek_coder_6_7b_base_baseline_20260409T203401444176Z_0_end.jsonl,1843,7723,3442
benchmark_runs/deepseek-coder-6.7b-base-baseline-20260417T230636517659Z/raw/code_translate/deepseek_coder_6_7b_base_baseline_20260417T230636517659Z_0_end.jsonl,1843,7723,3440
benchmark_runs/qwen2.5-coder-7b-lora-dirty-20260416T230342417572Z/raw/code_polishment/qwen2_5_coder_7b_lora_dirty_20260416T230342417572Z_0_end.jsonl,1838,19638,4129
benchmark_runs/qwen3-4b-base-lora-dirty-20260419T005641018719Z/raw/code_translate/qwen3_4b_base_lora_dirty_20260419T005641018719Z_0_end.jsonl,1838,6209,4222
benchmark_runs/qwen2.5-3b-lora-dirty10k-20260418T073921767284Z/raw/code_debug/qwen2_5_3b_lora_dirty10k_20260418T073921767284Z_0_end.jsonl,1836,19964,4240
benchmark_runs/qwen3-14b-base-lora-unclean-20260422T022848031208Z/raw/code_translate/qwen3_14b_base_lora_unclean_20260422T022848031208Z_0_end.jsonl,1827,7491,4306
benchmark_runs/qwen3-14b-base-lora-unclean-20260423T140302210775Z/raw/code_translate/qwen3_14b_base_lora_unclean_20260423T140302210775Z_0_end.jsonl,1826,7491,4298
benchmark_runs/qwen3-4b-base-lora-dirty-20260410T063854550362Z/raw/code_translate/qwen3_4b_base_lora_dirty_20260410T063854550362Z_0_end.jsonl,1819,6209,4228
benchmark_runs/llama-3.2-3b-lora-unclean74k-20260418T060013733329Z/raw/code_polishment/llama_3_2_3b_lora_unclean74k_20260418T060013733329Z_0_end.jsonl,1808,7842,4263
benchmark_runs/qwen2.5-coder-14b-lora-unclean74k-20260416T225633840158Z/raw/code_debug/qwen2_5_coder_14b_lora_unclean74k_20260416T225633840158Z_0_end.jsonl,1806,11458,4564
benchmark_runs/qwen3-14b-base-lora-unclean-20260422T205736288920Z/raw/code_translate/qwen3_14b_base_lora_unclean_20260422T205736288920Z_0_end.jsonl,1804,8153,4295
benchmark_runs/llama-3.2-3b-lora-unclean74k-20260410T215040667720Z/raw/code_polishment/llama_3_2_3b_lora_unclean74k_20260410T215040667720Z_0_end.jsonl,1803,7842,4262
benchmark_runs/qwen2.5-3b-lora-clean10k-20260418T064608021211Z/raw/code_translate/qwen2_5_3b_lora_clean10k_20260418T064608021211Z_0_end.jsonl,1790,7031,4208
benchmark_runs/qwen3-14b-base-lora-unclean-20260422T120902591970Z/raw/code_translate/qwen3_14b_base_lora_unclean_20260422T120902591970Z_0_end.jsonl,1786,8153,4304
benchmark_runs/starcoder2-15b-baseline-20260415T185909354701Z/raw/code_debug/starcoder2_15b_baseline_20260415T185909354701Z_0_end.jsonl,1783,13481,3779
benchmark_runs/starcoder2-3b-baseline-20260416T210457358916Z/raw/code_polishment/starcoder2_3b_baseline_20260416T210457358916Z_0_end.jsonl,1782,8225,3559
benchmark_runs/starcoder2-3b-baseline-20260418T004851033485Z/raw/code_polishment/starcoder2_3b_baseline_20260418T004851033485Z_0_end.jsonl,1780,8225,3548
benchmark_runs/qwen3-4b-base-lora-clean-20260410T061125660334Z/raw/code_polishment/qwen3_4b_base_lora_clean_20260410T061125660334Z_0_end.jsonl,1777,7706,4234
benchmark_runs/starcoder2-15b-baseline-20260415T185909354701Z/raw/code_translate/starcoder2_15b_baseline_20260415T185909354701Z_0_end.jsonl,1767,5832,3798
benchmark_runs/starcoder2-15b-baseline-20260415T185909354701Z/raw/code_polishment/starcoder2_15b_baseline_20260415T185909354701Z_0_end.jsonl,1762,5062,3859
benchmark_runs/qwen2.5-3b-lora-unclean-20260422T042301940335Z/raw/code_debug/qwen2_5_3b_lora_unclean_20260422T042301940335Z_0_end.jsonl,1758,6906,4272
benchmark_runs/starcoder2-3b-baseline-20260416T210457358916Z/raw/code_debug/starcoder2_3b_baseline_20260416T210457358916Z_0_end.jsonl,1735,9681,3665
benchmark_runs/starcoder2-3b-baseline-20260418T004851033485Z/raw/code_debug/starcoder2_3b_baseline_20260418T004851033485Z_0_end.jsonl,1731,9681,3668
benchmark_runs/_interrupted/deepseek-coder-6.7b-base-baseline-20260409T152918Z/raw/code_debug/deepseek_coder_6_7b_base_baseline_20260409T152918Z_0_end.jsonl,1729,4984,3536
benchmark_runs/deepseek-coder-6.7b-base-baseline-20260409T203401444176Z/raw/code_debug/deepseek_coder_6_7b_base_baseline_20260409T203401444176Z_0_end.jsonl,1725,4842,3540
benchmark_runs/deepseek-coder-6.7b-base-baseline-20260417T230636517659Z/raw/code_debug/deepseek_coder_6_7b_base_baseline_20260417T230636517659Z_0_end.jsonl,1724,4842,3552
benchmark_runs/qwen3-14b-base-lora-clean-20260417T012439790306Z/raw/code_polishment/qwen3_14b_base_lora_clean_20260417T012439790306Z_0_end.jsonl,1724,7218,4231
benchmark_runs/qwen3-8b-base-lora-clean-20260410T072512991051Z/raw/code_polishment/qwen3_8b_base_lora_clean_20260410T072512991051Z_0_end.jsonl,1710,19786,3338
benchmark_runs/qwen3-14b-base-lora-dirty10k-20260418T200450849175Z/raw/code_polishment/qwen3_14b_base_lora_dirty10k_20260418T200450849175Z_0_end.jsonl,1668,7868,4133
benchmark_runs/qwen3-14b-base-lora-dirty10k-20260410T034707684762Z/raw/code_polishment/qwen3_14b_base_lora_dirty10k_20260410T034707684762Z_0_end.jsonl,1667,7868,4130
benchmark_runs/qwen2.5-3b-lora-unclean-20260422T042301940335Z/raw/code_polishment/qwen2_5_3b_lora_unclean_20260422T042301940335Z_0_end.jsonl,1666,7692,4221
benchmark_runs/qwen3-14b-base-lora-dirty-20260410T041929267154Z/raw/code_debug/qwen3_14b_base_lora_dirty_20260410T041929267154Z_0_end.jsonl,1665,6142,4285
benchmark_runs/qwen3-14b-base-lora-dirty-20260418T220219120808Z/raw/code_debug/qwen3_14b_base_lora_dirty_20260418T220219120808Z_0_end.jsonl,1663,7303,4285
benchmark_runs/_interrupted/deepseek-coder-6.7b-base-baseline-20260409T152918Z/raw/code_translate/deepseek_coder_6_7b_base_baseline_20260409T152918Z_0_end.jsonl,1657,7853,3425
benchmark_runs/qwen3-4b-base-lora-clean-20260410T061125660334Z/raw/code_debug/qwen3_4b_base_lora_clean_20260410T061125660334Z_0_end.jsonl,1650,6113,4249
benchmark_runs/qwen3-14b-base-lora-dirty10k-20260418T200450849175Z/raw/code_debug/qwen3_14b_base_lora_dirty10k_20260418T200450849175Z_0_end.jsonl,1649,6819,4189
benchmark_runs/deepseek-coder-6.7b-base-baseline-20260409T203401444176Z/raw/code_polishment/deepseek_coder_6_7b_base_baseline_20260409T203401444176Z_0_end.jsonl,1638,7782,3599
benchmark_runs/qwen3-14b-base-lora-dirty10k-20260410T034707684762Z/raw/code_debug/qwen3_14b_base_lora_dirty10k_20260410T034707684762Z_0_end.jsonl,1632,6975,4184
benchmark_runs/deepseek-coder-6.7b-base-baseline-20260417T230636517659Z/raw/code_polishment/deepseek_coder_6_7b_base_baseline_20260417T230636517659Z_0_end.jsonl,1621,7782,3596
benchmark_runs/qwen3-8b-base-lora-clean-20260410T072512991051Z/raw/code_debug/qwen3_8b_base_lora_clean_20260410T072512991051Z_0_end.jsonl,1581,20427,3375
benchmark_runs/qwen3-8b-base-lora-unclean74k-20260419T032330896307Z/raw/code_translate/qwen3_8b_base_lora_unclean74k_20260419T032330896307Z_0_end.jsonl,1512,9170,4096
benchmark_runs/qwen3-8b-base-lora-unclean74k-20260410T083125717316Z/raw/code_translate/qwen3_8b_base_lora_unclean74k_20260410T083125717316Z_0_end.jsonl,1499,9170,4096
benchmark_runs/qwen2.5-coder-14b-lora-dirty-20260416T203509813736Z/raw/code_debug/qwen2_5_coder_14b_lora_dirty_20260416T203509813736Z_0_end.jsonl,1468,13839,4877
benchmark_runs/qwen2.5-coder-14b-lora-dirty-20260418T114704125314Z/raw/code_debug/qwen2_5_coder_14b_lora_dirty_20260418T114704125314Z_0_end.jsonl,1468,13839,4851
benchmark_runs/deepseek-coder-6.7b-base-lora-clean-20260410T083740880601Z/raw/code_switch/deepseek_coder_6_7b_base_lora_clean_20260410T083740880601Z_0_end.jsonl,1451,6139,5929
benchmark_runs/deepseek-coder-6.7b-base-lora-clean-20260419T043211238548Z/raw/code_switch/deepseek_coder_6_7b_base_lora_clean_20260419T043211238548Z_0_end.jsonl,1451,6139,5927
benchmark_runs/deepseek-coder-6.7b-base-lora-unclean-20260423T175454860327Z/raw/code_switch/deepseek_coder_6_7b_base_lora_unclean_20260423T175454860327Z_0_end.jsonl,1451,6147,5951
benchmark_runs/deepseek-coder-6.7b-base-lora-unclean74k-20260419T075715807957Z/raw/code_switch/deepseek_coder_6_7b_base_lora_unclean74k_20260419T075715807957Z_0_end.jsonl,1451,6153,5951
benchmark_runs/qwen2.5-3b-lora-clean10k-20260409T223816521417Z/raw/code_switch/qwen2_5_3b_lora_clean10k_20260409T223816521417Z_0_end.jsonl,1451,6536,4135
benchmark_runs/deepseek-coder-6.7b-base-lora-dirty-20260410T093652677124Z/raw/code_switch/deepseek_coder_6_7b_base_lora_dirty_20260410T093652677124Z_0_end.jsonl,1450,6134,5935
benchmark_runs/deepseek-coder-6.7b-base-lora-dirty-20260419T061424111401Z/raw/code_switch/deepseek_coder_6_7b_base_lora_dirty_20260419T061424111401Z_0_end.jsonl,1450,6134,5933
benchmark_runs/deepseek-coder-6.7b-base-lora-unclean74k-20260410T101813368867Z/raw/code_switch/deepseek_coder_6_7b_base_lora_unclean74k_20260410T101813368867Z_0_end.jsonl,1450,6153,5950
benchmark_runs/llama-3.2-3b-lora-dirty-20260418T050728766994Z/raw/code_switch/llama_3_2_3b_lora_dirty_20260418T050728766994Z_0_end.jsonl,1450,5891,4105
benchmark_runs/qwen2.5-coder-14b-lora-unclean-20260422T184547557365Z/raw/code_switch/qwen2_5_coder_14b_lora_unclean_20260422T184547557365Z_0_end.jsonl,1450,16085,4386
benchmark_runs/qwen2.5-coder-7b-lora-unclean-20260423T015421183589Z/raw/code_switch/qwen2_5_coder_7b_lora_unclean_20260423T015421183589Z_0_end.jsonl,1450,16099,4210
benchmark_runs/llama-3.2-3b-lora-clean-20260418T041625154798Z/raw/code_switch/llama_3_2_3b_lora_clean_20260418T041625154798Z_0_end.jsonl,1449,6674,4143
benchmark_runs/qwen2.5-3b-lora-unclean10k-20260423T040843119141Z/raw/code_switch/qwen2_5_3b_lora_unclean10k_20260423T040843119141Z_0_end.jsonl,1449,11276,4150
benchmark_runs/qwen2.5-coder-7b-lora-dirty-20260416T230342417572Z/raw/code_switch/qwen2_5_coder_7b_lora_dirty_20260416T230342417572Z_0_end.jsonl,1449,17135,4035
benchmark_runs/qwen2.5-coder-7b-lora-dirty10k-20260416T221032354053Z/raw/code_switch/qwen2_5_coder_7b_lora_dirty10k_20260416T221032354053Z_0_end.jsonl,1449,19755,4144
benchmark_runs/qwen2.5-coder-7b-lora-dirty10k-20260418T160803449471Z/raw/code_switch/qwen2_5_coder_7b_lora_dirty10k_20260418T160803449471Z_0_end.jsonl,1449,19408,4143
benchmark_runs/qwen3-4b-base-lora-dirty-20260419T005641018719Z/raw/code_polishment/qwen3_4b_base_lora_dirty_20260419T005641018719Z_0_end.jsonl,1449,6626,4247
benchmark_runs/llama-3.2-3b-lora-clean-20260410T200640322209Z/raw/code_switch/llama_3_2_3b_lora_clean_20260410T200640322209Z_0_end.jsonl,1448,6674,4150
benchmark_runs/llama-3.2-3b-lora-dirty-20260410T205740169730Z/raw/code_switch/llama_3_2_3b_lora_dirty_20260410T205740169730Z_0_end.jsonl,1448,5891,4118
benchmark_runs/qwen2.5-coder-14b-lora-unclean-20260422T015608558738Z/raw/code_switch/qwen2_5_coder_14b_lora_unclean_20260422T015608558738Z_0_end.jsonl,1448,16085,4390
benchmark_runs/qwen2.5-coder-14b-lora-unclean-20260423T003441441412Z/raw/code_switch/qwen2_5_coder_14b_lora_unclean_20260423T003441441412Z_0_end.jsonl,1448,16085,4369
benchmark_runs/qwen2.5-coder-7b-lora-clean-20260410T001507490245Z/raw/code_switch/qwen2_5_coder_7b_lora_clean_20260410T001507490245Z_0_end.jsonl,1448,7491,4065
benchmark_runs/qwen2.5-coder-7b-lora-unclean-20260422T175621184548Z/raw/code_switch/qwen2_5_coder_7b_lora_unclean_20260422T175621184548Z_0_end.jsonl,1448,16104,4200
benchmark_runs/qwen2.5-coder-7b-lora-unclean-20260423T132418034156Z/raw/code_switch/qwen2_5_coder_7b_lora_unclean_20260423T132418034156Z_0_end.jsonl,1448,16104,4212
benchmark_runs/llama-3.2-3b-lora-unclean-20260422T073747642660Z/raw/code_switch/llama_3_2_3b_lora_unclean_20260422T073747642660Z_0_end.jsonl,1447,6005,4153
benchmark_runs/llama-3.2-3b-lora-unclean-20260422T143255674865Z/raw/code_switch/llama_3_2_3b_lora_unclean_20260422T143255674865Z_0_end.jsonl,1447,7342,4153
benchmark_runs/qwen2.5-coder-14b-lora-unclean-20260422T104121153032Z/raw/code_switch/qwen2_5_coder_14b_lora_unclean_20260422T104121153032Z_0_end.jsonl,1446,16085,4383
benchmark_runs/qwen2.5-coder-7b-lora-clean10k-20260409T235910483594Z/raw/code_switch/qwen2_5_coder_7b_lora_clean10k_20260409T235910483594Z_0_end.jsonl,1446,10766,4141
benchmark_runs/qwen2.5-coder-7b-lora-unclean74k-20260417T000213274436Z/raw/code_switch/qwen2_5_coder_7b_lora_unclean74k_20260417T000213274436Z_0_end.jsonl,1446,5429,3628
benchmark_runs/qwen2.5-coder-7b-lora-unclean74k-20260418T170033879725Z/raw/code_switch/qwen2_5_coder_7b_lora_unclean74k_20260418T170033879725Z_0_end.jsonl,1446,5692,3676
benchmark_runs/starcoder2-15b-baseline-20260409T203413347628Z/raw/code_switch/starcoder2_15b_baseline_20260409T203413347628Z_0_end.jsonl,1444,12245,3779
benchmark_runs/starcoder2-15b-baseline-20260415T185909354701Z/raw/code_switch/starcoder2_15b_baseline_20260415T185909354701Z_0_end.jsonl,1441,4351,3780
benchmark_runs/starcoder2-7b-baseline-20260415T200314684133Z/raw/code_switch/starcoder2_7b_baseline_20260415T200314684133Z_0_end.jsonl,1438,5829,3673
benchmark_runs/qwen2.5-3b-lora-dirty10k-20260418T073921767284Z/raw/code_switch/qwen2_5_3b_lora_dirty10k_20260418T073921767284Z_0_end.jsonl,1437,5522,4151
benchmark_runs/starcoder2-7b-baseline-20260409T221304723202Z/raw/code_switch/starcoder2_7b_baseline_20260409T221304723202Z_0_end.jsonl,1437,4850,3672
benchmark_runs/qwen2.5-coder-14b-lora-clean-20260416T203511555376Z/raw/code_switch/qwen2_5_coder_14b_lora_clean_20260416T203511555376Z_0_end.jsonl,1436,15911,4216
benchmark_runs/qwen3-14b-base-lora-clean-20260417T012439790306Z/raw/code_switch/qwen3_14b_base_lora_clean_20260417T012439790306Z_0_end.jsonl,1436,10414,4148
benchmark_runs/qwen2.5-coder-14b-lora-unclean74k-20260416T225633840158Z/raw/code_switch/qwen2_5_coder_14b_lora_unclean74k_20260416T225633840158Z_0_end.jsonl,1435,19780,4242
benchmark_runs/qwen3-4b-base-lora-dirty-20260410T063854550362Z/raw/code_polishment/qwen3_4b_base_lora_dirty_20260410T063854550362Z_0_end.jsonl,1435,6626,4250
benchmark_runs/qwen3-14b-base-lora-unclean-20260422T205736288920Z/raw/code_switch/qwen3_14b_base_lora_unclean_20260422T205736288920Z_0_end.jsonl,1433,6136,4337
benchmark_runs/qwen2.5-coder-14b-baseline-20260417T180742437628Z/raw/code_switch/qwen2_5_coder_14b_baseline_20260417T180742437628Z_0_end.jsonl,1432,7316,4071
benchmark_runs/qwen2.5-coder-14b-lora-clean-20260418T093649488110Z/raw/code_switch/qwen2_5_coder_14b_lora_clean_20260418T093649488110Z_0_end.jsonl,1432,16065,4219
benchmark_runs/qwen3-14b-base-lora-unclean-20260422T022848031208Z/raw/code_switch/qwen3_14b_base_lora_unclean_20260422T022848031208Z_0_end.jsonl,1432,7291,4348
benchmark_runs/qwen2.5-coder-14b-lora-dirty-20260418T114704125314Z/raw/code_switch/qwen2_5_coder_14b_lora_dirty_20260418T114704125314Z_0_end.jsonl,1428,9406,6516
benchmark_runs/qwen3-14b-base-lora-unclean-20260422T120902591970Z/raw/code_switch/qwen3_14b_base_lora_unclean_20260422T120902591970Z_0_end.jsonl,1427,7291,4326
benchmark_runs/qwen2.5-coder-14b-lora-dirty-20260416T203509813736Z/raw/code_switch/qwen2_5_coder_14b_lora_dirty_20260416T203509813736Z_0_end.jsonl,1426,8434,6596
benchmark_runs/qwen3-14b-base-lora-unclean-20260423T140302210775Z/raw/code_switch/qwen3_14b_base_lora_unclean_20260423T140302210775Z_0_end.jsonl,1426,6136,4334
benchmark_runs/qwen2.5-3b-lora-clean10k-20260418T064608021211Z/raw/code_switch/qwen2_5_3b_lora_clean10k_20260418T064608021211Z_0_end.jsonl,1417,5594,4139
benchmark_runs/llama-3.2-3b-lora-unclean74k-20260418T060013733329Z/raw/code_debug/llama_3_2_3b_lora_unclean74k_20260418T060013733329Z_0_end.jsonl,1415,7065,4314
benchmark_runs/qwen3-4b-base-lora-unclean-20260423T022216133033Z/raw/code_switch/qwen3_4b_base_lora_unclean_20260423T022216133033Z_0_end.jsonl,1413,5740,4143
benchmark_runs/qwen3-4b-base-lora-unclean-20260422T042308214384Z/raw/code_switch/qwen3_4b_base_lora_unclean_20260422T042308214384Z_0_end.jsonl,1412,5740,4141
benchmark_runs/qwen3-4b-base-lora-unclean-20260423T151534824226Z/raw/code_switch/qwen3_4b_base_lora_unclean_20260423T151534824226Z_0_end.jsonl,1406,5387,4143
benchmark_runs/llama-3.2-3b-lora-unclean74k-20260410T215040667720Z/raw/code_debug/llama_3_2_3b_lora_unclean74k_20260410T215040667720Z_0_end.jsonl,1405,10838,4304
benchmark_runs/qwen3-14b-base-lora-dirty-20260410T041929267154Z/raw/code_polishment/qwen3_14b_base_lora_dirty_20260410T041929267154Z_0_end.jsonl,1399,7679,4232
benchmark_runs/qwen2.5-3b-lora-unclean-20260422T042301940335Z/raw/code_switch/qwen2_5_3b_lora_unclean_20260422T042301940335Z_0_end.jsonl,1398,6178,4144
benchmark_runs/starcoder2-3b-baseline-20260418T004851033485Z/raw/code_switch/starcoder2_3b_baseline_20260418T004851033485Z_0_end.jsonl,1397,7808,3697
benchmark_runs/qwen3-14b-base-lora-unclean-20260422T120902591970Z/raw/code_polishment/qwen3_14b_base_lora_unclean_20260422T120902591970Z_0_end.jsonl,1396,7683,4336
benchmark_runs/qwen3-14b-base-lora-unclean-20260422T022848031208Z/raw/code_polishment/qwen3_14b_base_lora_unclean_20260422T022848031208Z_0_end.jsonl,1391,7685,4336
benchmark_runs/starcoder2-3b-baseline-20260416T210457358916Z/raw/code_switch/starcoder2_3b_baseline_20260416T210457358916Z_0_end.jsonl,1391,7833,3693
benchmark_runs/qwen3-14b-base-lora-clean10k-20260410T015108695320Z/raw/code_debug/qwen3_14b_base_lora_clean10k_20260410T015108695320Z_0_end.jsonl,1389,6136,4362
benchmark_runs/qwen3-14b-base-lora-dirty-20260418T220219120808Z/raw/code_polishment/qwen3_14b_base_lora_dirty_20260418T220219120808Z_0_end.jsonl,1386,7679,4232
benchmark_runs/qwen3-14b-base-lora-unclean-20260422T205736288920Z/raw/code_polishment/qwen3_14b_base_lora_unclean_20260422T205736288920Z_0_end.jsonl,1383,7713,4336
benchmark_runs/qwen3-14b-base-lora-unclean-20260423T140302210775Z/raw/code_polishment/qwen3_14b_base_lora_unclean_20260423T140302210775Z_0_end.jsonl,1379,7685,4329
benchmark_runs/qwen3-14b-base-lora-clean10k-20260418T180430398409Z/raw/code_debug/qwen3_14b_base_lora_clean10k_20260418T180430398409Z_0_end.jsonl,1371,6141,4372
benchmark_runs/qwen3-4b-base-lora-dirty-20260419T005641018719Z/raw/code_switch/qwen3_4b_base_lora_dirty_20260419T005641018719Z_0_end.jsonl,1336,7061,4183
benchmark_runs/qwen3-14b-base-lora-clean10k-20260410T015108695320Z/raw/code_switch/qwen3_14b_base_lora_clean10k_20260410T015108695320Z_0_end.jsonl,1333,24525,4165
benchmark_runs/qwen3-14b-base-lora-clean10k-20260418T180430398409Z/raw/code_switch/qwen3_14b_base_lora_clean10k_20260418T180430398409Z_0_end.jsonl,1319,24525,4176
benchmark_runs/qwen3-4b-base-lora-dirty-20260410T063854550362Z/raw/code_switch/qwen3_4b_base_lora_dirty_20260410T063854550362Z_0_end.jsonl,1316,5948,4176
benchmark_runs/qwen2.5-3b-lora-unclean74k-20260418T090410610452Z/raw/code_translate/qwen2_5_3b_lora_unclean74k_20260418T090410610452Z_0_end.jsonl,1314,12085,4195
benchmark_runs/qwen3-14b-base-lora-dirty-20260410T041929267154Z/raw/code_translate/qwen3_14b_base_lora_dirty_20260410T041929267154Z_0_end.jsonl,1301,10031,4192
benchmark_runs/qwen3-14b-base-lora-dirty-20260418T220219120808Z/raw/code_translate/qwen3_14b_base_lora_dirty_20260418T220219120808Z_0_end.jsonl,1297,10031,4195
benchmark_runs/qwen3-8b-base-lora-unclean74k-20260410T083125717316Z/raw/code_switch/qwen3_8b_base_lora_unclean74k_20260410T083125717316Z_0_end.jsonl,1285,8191,4095
benchmark_runs/qwen2.5-3b-lora-unclean74k-20260410T225117226834Z/raw/code_translate/qwen2_5_3b_lora_unclean74k_20260410T225117226834Z_0_end.jsonl,1280,5836,4199
benchmark_runs/qwen3-8b-base-lora-unclean74k-20260419T032330896307Z/raw/code_switch/qwen3_8b_base_lora_unclean74k_20260419T032330896307Z_0_end.jsonl,1260,7817,4095
benchmark_runs/qwen3-8b-base-lora-unclean74k-20260419T032330896307Z/raw/code_polishment/qwen3_8b_base_lora_unclean74k_20260419T032330896307Z_0_end.jsonl,1236,11119,4095
benchmark_runs/qwen3-4b-base-lora-dirty-20260419T005641018719Z/raw/code_debug/qwen3_4b_base_lora_dirty_20260419T005641018719Z_0_end.jsonl,1216,6089,4263
benchmark_runs/qwen3-4b-base-lora-dirty-20260410T063854550362Z/raw/code_debug/qwen3_4b_base_lora_dirty_20260410T063854550362Z_0_end.jsonl,1200,6919,4263
benchmark_runs/qwen3-14b-base-lora-clean-20260417T012439790306Z/raw/code_debug/qwen3_14b_base_lora_clean_20260417T012439790306Z_0_end.jsonl,1199,6307,4327
benchmark_runs/qwen3-8b-base-lora-clean-20260410T072512991051Z/raw/code_switch/qwen3_8b_base_lora_clean_20260410T072512991051Z_0_end.jsonl,1197,18527,2208
benchmark_runs/codellama-13b-hf-baseline-20260416T203756688024Z/raw/code_switch/codellama_13b_hf_baseline_20260416T203756688024Z_0_end.jsonl,1180,5558,3337
benchmark_runs/codellama-13b-hf-baseline-20260417T182307180901Z/raw/code_switch/codellama_13b_hf_baseline_20260417T182307180901Z_0_end.jsonl,1174,5558,3338
benchmark_runs/qwen3-8b-base-lora-unclean74k-20260410T083125717316Z/raw/code_polishment/qwen3_8b_base_lora_unclean74k_20260410T083125717316Z_0_end.jsonl,1151,7019,4095
benchmark_runs/qwen3-8b-base-lora-unclean74k-20260410T083125717316Z/raw/code_debug/qwen3_8b_base_lora_unclean74k_20260410T083125717316Z_0_end.jsonl,1146,6604,4095
benchmark_runs/qwen3-8b-base-lora-unclean74k-20260419T032330896307Z/raw/code_debug/qwen3_8b_base_lora_unclean74k_20260419T032330896307Z_0_end.jsonl,1121,7280,4095
benchmark_runs/deepseek-coder-6.7b-base-baseline-20260417T230636517659Z/raw/code_switch/deepseek_coder_6_7b_base_baseline_20260417T230636517659Z_0_end.jsonl,1108,7610,3419
benchmark_runs/deepseek-coder-6.7b-base-baseline-20260409T203401444176Z/raw/code_switch/deepseek_coder_6_7b_base_baseline_20260409T203401444176Z_0_end.jsonl,1089,4590,3413
benchmark_runs/qwen2.5-3b-lora-dirty-20260418T083107155245Z/raw/code_switch/qwen2_5_3b_lora_dirty_20260418T083107155245Z_0_end.jsonl,1046,5343,4160
benchmark_runs/codellama-13b-hf-baseline-20260417T182307180901Z/raw/code_translate/codellama_13b_hf_baseline_20260417T182307180901Z_0_end.jsonl,1034,6713,3358
benchmark_runs/codellama-13b-hf-baseline-20260416T203756688024Z/raw/code_translate/codellama_13b_hf_baseline_20260416T203756688024Z_0_end.jsonl,1030,6714,3354
benchmark_runs/qwen2.5-3b-lora-dirty-20260410T225117226812Z/raw/code_switch/qwen2_5_3b_lora_dirty_20260410T225117226812Z_0_end.jsonl,1023,7228,4160
benchmark_runs/qwen3-8b-base-lora-unclean-20260423T061654637980Z/raw/code_switch/qwen3_8b_base_lora_unclean_20260423T061654637980Z_0_end.jsonl,1001,7233,4052
benchmark_runs/qwen2.5-coder-7b-baseline-20260409T141432Z/raw/code_debug/qwen2_5_coder_7b_baseline_20260409T141432Z_0_end.jsonl,1000,7259,3985
benchmark_runs/qwen2.5-3b-lora-dirty-20260418T083107155245Z/raw/code_polishment/qwen2_5_3b_lora_dirty_20260418T083107155245Z_0_end.jsonl,979,7833,4205
benchmark_runs/qwen2.5-3b-lora-dirty-20260410T225117226812Z/raw/code_polishment/qwen2_5_3b_lora_dirty_20260410T225117226812Z_0_end.jsonl,978,7833,4224
benchmark_runs/llama-3.2-3b-lora-unclean74k-20260410T215040667720Z/raw/code_switch/llama_3_2_3b_lora_unclean74k_20260410T215040667720Z_0_end.jsonl,947,6629,4053
benchmark_runs/llama-3.2-3b-lora-unclean74k-20260418T060013733329Z/raw/code_switch/llama_3_2_3b_lora_unclean74k_20260418T060013733329Z_0_end.jsonl,942,6620,4050
benchmark_runs/qwen2.5-coder-7b-baseline-20260409T141432Z/raw/code_switch/qwen2_5_coder_7b_baseline_20260409T141432Z_0_end.jsonl,935,5322,3583
benchmark_runs/qwen2.5-3b-lora-unclean74k-20260418T090410610452Z/raw/code_debug/qwen2_5_3b_lora_unclean74k_20260418T090410610452Z_0_end.jsonl,894,5888,4227
benchmark_runs/qwen2.5-3b-lora-unclean74k-20260410T225117226834Z/raw/code_debug/qwen2_5_3b_lora_unclean74k_20260410T225117226834Z_0_end.jsonl,849,5888,4233
benchmark_runs/codellama-13b-hf-baseline-20260417T182307180901Z/raw/code_polishment/codellama_13b_hf_baseline_20260417T182307180901Z_0_end.jsonl,831,5352,3299
benchmark_runs/codellama-13b-hf-baseline-20260416T203756688024Z/raw/code_polishment/codellama_13b_hf_baseline_20260416T203756688024Z_0_end.jsonl,829,5352,3297
benchmark_runs/qwen2.5-3b-lora-dirty-20260410T225117226812Z/raw/code_debug/qwen2_5_3b_lora_dirty_20260410T225117226812Z_0_end.jsonl,766,6906,4271
benchmark_runs/qwen3-14b-base-lora-dirty10k-20260410T034707684762Z/raw/code_switch/qwen3_14b_base_lora_dirty10k_20260410T034707684762Z_0_end.jsonl,752,5603,4074
benchmark_runs/qwen2.5-coder-7b-baseline-20260409T141432Z/raw/code_polishment/qwen2_5_coder_7b_baseline_20260409T141432Z_0_end.jsonl,736,5423,3984
benchmark_runs/qwen2.5-3b-lora-dirty-20260418T083107155245Z/raw/code_debug/qwen2_5_3b_lora_dirty_20260418T083107155245Z_0_end.jsonl,729,6906,4260
benchmark_runs/qwen2.5-3b-lora-dirty-20260410T225117226812Z/raw/code_translate/qwen2_5_3b_lora_dirty_20260410T225117226812Z_0_end.jsonl,720,6602,4315
benchmark_runs/qwen3-14b-base-lora-dirty10k-20260418T200450849175Z/raw/code_switch/qwen3_14b_base_lora_dirty10k_20260418T200450849175Z_0_end.jsonl,710,7259,4076
benchmark_runs/qwen2.5-coder-7b-baseline-20260409T141432Z/raw/code_translate/qwen2_5_coder_7b_baseline_20260409T141432Z_0_end.jsonl,678,5708,4042
benchmark_runs/qwen2.5-3b-lora-dirty-20260418T083107155245Z/raw/code_translate/qwen2_5_3b_lora_dirty_20260418T083107155245Z_0_end.jsonl,675,6602,4300
benchmark_runs/qwen3-4b-base-lora-clean-20260410T061125660334Z/raw/code_switch/qwen3_4b_base_lora_clean_20260410T061125660334Z_0_end.jsonl,675,5319,4108
benchmark_runs/qwen2.5-coder-7b-lora-unclean10k-20260423T074615352614Z/raw/code_switch/qwen2_5_coder_7b_lora_unclean10k_20260423T074615352614Z_0_end.jsonl,672,6063,4210
benchmark_runs/qwen2.5-coder-7b-lora-unclean10k-20260423T074615352614Z/raw/code_translate/qwen2_5_coder_7b_lora_unclean10k_20260423T074615352614Z_0_end.jsonl,672,6093,4209
benchmark_runs/qwen2.5-coder-7b-lora-unclean10k-20260423T074615352614Z/raw/code_polishment/qwen2_5_coder_7b_lora_unclean10k_20260423T074615352614Z_0_end.jsonl,671,6064,4117
benchmark_runs/qwen2.5-coder-7b-lora-unclean10k-20260423T074615352614Z/raw/code_debug/qwen2_5_coder_7b_lora_unclean10k_20260423T074615352614Z_0_end.jsonl,669,6905,4078
benchmark_runs/codellama-7b-hf-baseline-20260416T203718323269Z/raw/code_translate/codellama_7b_hf_baseline_20260416T203718323269Z_0_end.jsonl,668,5034,3174
benchmark_runs/codellama-7b-hf-baseline-20260417T210746876064Z/raw/code_translate/codellama_7b_hf_baseline_20260417T210746876064Z_0_end.jsonl,666,4347,3190
benchmark_runs/llama-3.2-3b-baseline-20260416T161741377230Z/raw/code_translate/llama_3_2_3b_baseline_20260416T161741377230Z_0_end.jsonl,609,11174,4143
benchmark_runs/codellama-7b-hf-baseline-20260416T203718323269Z/raw/code_polishment/codellama_7b_hf_baseline_20260416T203718323269Z_0_end.jsonl,592,4337,4039
benchmark_runs/codellama-7b-hf-baseline-20260417T210746876064Z/raw/code_polishment/codellama_7b_hf_baseline_20260417T210746876064Z_0_end.jsonl,586,4337,4038
benchmark_runs/qwen3-14b-base-lora-unclean74k-20260418T235622400870Z/raw/code_debug/qwen3_14b_base_lora_unclean74k_20260418T235622400870Z_0_end.jsonl,572,5827,4223
benchmark_runs/qwen3-14b-base-lora-unclean74k-20260410T054021177957Z/raw/code_debug/qwen3_14b_base_lora_unclean74k_20260410T054021177957Z_0_end.jsonl,559,5827,4227
benchmark_runs/llama-3.2-3b-baseline-20260416T161741377230Z/raw/code_debug/llama_3_2_3b_baseline_20260416T161741377230Z_0_end.jsonl,554,6013,4122
benchmark_runs/qwen2.5-3b-lora-unclean74k-20260418T090410610452Z/raw/code_switch/qwen2_5_3b_lora_unclean74k_20260418T090410610452Z_0_end.jsonl,514,5355,4092
benchmark_runs/qwen3-14b-base-lora-dirty-20260418T220219120808Z/raw/code_switch/qwen3_14b_base_lora_dirty_20260418T220219120808Z_0_end.jsonl,502,8106,4137
benchmark_runs/qwen2.5-3b-lora-unclean74k-20260410T225117226834Z/raw/code_switch/qwen2_5_3b_lora_unclean74k_20260410T225117226834Z_0_end.jsonl,496,5247,4114
benchmark_runs/qwen3-14b-base-lora-dirty-20260410T041929267154Z/raw/code_switch/qwen3_14b_base_lora_dirty_20260410T041929267154Z_0_end.jsonl,496,6095,4129
benchmark_runs/codellama-7b-hf-lora-clean-20260417T011124120221Z/raw/code_debug/codellama_7b_hf_lora_clean_20260417T011124120221Z_0_end.jsonl,382,5468,3187
benchmark_runs/qwen2.5-3b-lora-dirty10k-20260409T225635871397Z/raw/code_translate/qwen2_5_3b_lora_dirty10k_20260409T225635871397Z_0_end.jsonl,373,5357,4119
benchmark_runs/codellama-7b-hf-lora-clean-20260417T011124120221Z/raw/code_polishment/codellama_7b_hf_lora_clean_20260417T011124120221Z_0_end.jsonl,361,5168,3244
benchmark_runs/codellama-13b-hf-lora-dirty-20260416T234928797501Z/raw/code_translate/codellama_13b_hf_lora_dirty_20260416T234928797501Z_0_end.jsonl,351,5202,3340
benchmark_runs/qwen3-4b-base-lora-unclean74k-20260419T015008952109Z/raw/code_debug/qwen3_4b_base_lora_unclean74k_20260419T015008952109Z_0_end.jsonl,338,5474,4106
benchmark_runs/qwen3-4b-base-lora-unclean74k-20260410T070304095128Z/raw/code_debug/qwen3_4b_base_lora_unclean74k_20260410T070304095128Z_0_end.jsonl,333,5787,4097
benchmark_runs/starcoder2-3b-lora-unclean-20260422T052501034373Z/raw/code_polishment/starcoder2_3b_lora_unclean_20260422T052501034373Z_0_end.jsonl,322,6520,3568
benchmark_runs/codellama-7b-hf-lora-unclean-20260422T161244348307Z/raw/code_polishment/codellama_7b_hf_lora_unclean_20260422T161244348307Z_0_end.jsonl,314,5168,3298
benchmark_runs/qwen3-14b-base-lora-unclean74k-20260410T054021177957Z/raw/code_polishment/qwen3_14b_base_lora_unclean74k_20260410T054021177957Z_0_end.jsonl,299,5592,4248
benchmark_runs/codellama-13b-hf-lora-unclean-20260422T073850699214Z/raw/code_translate/codellama_13b_hf_lora_unclean_20260422T073850699214Z_0_end.jsonl,296,5202,3372
benchmark_runs/qwen3-14b-base-lora-unclean74k-20260418T235622400870Z/raw/code_polishment/qwen3_14b_base_lora_unclean74k_20260418T235622400870Z_0_end.jsonl,289,5671,4242
benchmark_runs/llama-3.2-3b-baseline-20260416T161741377230Z/raw/code_polishment/llama_3_2_3b_baseline_20260416T161741377230Z_0_end.jsonl,288,5821,4123
benchmark_runs/codellama-13b-hf-lora-unclean-20260422T073850699214Z/raw/code_polishment/codellama_13b_hf_lora_unclean_20260422T073850699214Z_0_end.jsonl,286,4367,3418
benchmark_runs/starcoder2-3b-lora-unclean-20260422T052501034373Z/raw/code_translate/starcoder2_3b_lora_unclean_20260422T052501034373Z_0_end.jsonl,283,5484,3059
benchmark_runs/starcoder2-7b-lora-dirty-20260415T194416368888Z/raw/code_translate/starcoder2_7b_lora_dirty_20260415T194416368888Z_0_end.jsonl,278,6147,3020
benchmark_runs/qwen3-4b-base-lora-unclean74k-20260410T070304095128Z/raw/code_polishment/qwen3_4b_base_lora_unclean74k_20260410T070304095128Z_0_end.jsonl,276,6906,4097
benchmark_runs/starcoder2-15b-lora-clean-20260415T201924901993Z/raw/code_translate/starcoder2_15b_lora_clean_20260415T201924901993Z_0_end.jsonl,275,5727,3206
benchmark_runs/starcoder2-15b-lora-clean-20260415T155354241294Z/raw/code_translate/starcoder2_15b_lora_clean_20260415T155354241294Z_0_end.jsonl,268,6481,3226
benchmark_runs/codellama-7b-hf-lora-clean-20260417T011124120221Z/raw/code_translate/codellama_7b_hf_lora_clean_20260417T011124120221Z_0_end.jsonl,262,4543,3073
benchmark_runs/starcoder2-3b-lora-dirty-20260415T185625150058Z/raw/code_translate/starcoder2_3b_lora_dirty_20260415T185625150058Z_0_end.jsonl,259,4910,3026
benchmark_runs/qwen3-4b-base-lora-unclean74k-20260419T015008952109Z/raw/code_polishment/qwen3_4b_base_lora_unclean74k_20260419T015008952109Z_0_end.jsonl,255,6906,4096
benchmark_runs/starcoder2-7b-lora-clean-20260415T192522528383Z/raw/code_translate/starcoder2_7b_lora_clean_20260415T192522528383Z_0_end.jsonl,253,5233,2938
benchmark_runs/codellama-13b-hf-lora-unclean74k-20260418T024314961105Z/raw/code_translate/codellama_13b_hf_lora_unclean74k_20260418T024314961105Z_0_end.jsonl,243,8043,3265
benchmark_runs/codellama-7b-hf-lora-unclean-20260422T161244348307Z/raw/code_translate/codellama_7b_hf_lora_unclean_20260422T161244348307Z_0_end.jsonl,243,5061,3105
benchmark_runs/qwen2.5-3b-lora-dirty10k-20260409T225635871397Z/raw/code_switch/qwen2_5_3b_lora_dirty10k_20260409T225635871397Z_0_end.jsonl,242,5866,3980
benchmark_runs/starcoder2-7b-lora-unclean-20260423T171233725739Z/raw/code_translate/starcoder2_7b_lora_unclean_20260423T171233725739Z_0_end.jsonl,231,6672,2975
benchmark_runs/codellama-13b-hf-lora-dirty-20260416T234928797501Z/raw/code_polishment/codellama_13b_hf_lora_dirty_20260416T234928797501Z_0_end.jsonl,223,4671,3395
benchmark_runs/starcoder2-3b-lora-unclean74k-20260415T190943073079Z/raw/code_translate/starcoder2_3b_lora_unclean74k_20260415T190943073079Z_0_end.jsonl,223,5839,3130
benchmark_runs/codellama-13b-hf-lora-clean-20260416T223503762228Z/raw/code_polishment/codellama_13b_hf_lora_clean_20260416T223503762228Z_0_end.jsonl,218,6138,3511
benchmark_runs/codellama-13b-hf-lora-clean-20260418T012800231495Z/raw/code_polishment/codellama_13b_hf_lora_clean_20260418T012800231495Z_0_end.jsonl,218,6138,3508
benchmark_runs/starcoder2-7b-lora-unclean74k-20260415T204908165034Z/raw/code_translate/starcoder2_7b_lora_unclean74k_20260415T204908165034Z_0_end.jsonl,217,6519,3038
benchmark_runs/starcoder2-3b-lora-clean-20260415T184243037831Z/raw/code_translate/starcoder2_3b_lora_clean_20260415T184243037831Z_0_end.jsonl,214,5795,3106
benchmark_runs/llama-3.2-3b-baseline-20260416T161741377230Z/raw/code_switch/llama_3_2_3b_baseline_20260416T161741377230Z_0_end.jsonl,206,7356,3982
benchmark_runs/qwen2.5-3b-lora-unclean74k-20260418T090410610452Z/raw/code_polishment/qwen2_5_3b_lora_unclean74k_20260418T090410610452Z_0_end.jsonl,204,7716,4454
benchmark_runs/qwen2.5-coder-3b-baseline-20260416T154749786319Z/raw/code_polishment/qwen2_5_coder_3b_baseline_20260416T154749786319Z_0_end.jsonl,198,6118,3970
benchmark_runs/qwen2.5-3b-lora-unclean74k-20260410T225117226834Z/raw/code_polishment/qwen2_5_3b_lora_unclean74k_20260410T225117226834Z_0_end.jsonl,190,7716,4498
benchmark_runs/codellama-7b-hf-lora-unclean-20260422T161244348307Z/raw/code_debug/codellama_7b_hf_lora_unclean_20260422T161244348307Z_0_end.jsonl,189,5160,3247
benchmark_runs/starcoder2-15b-lora-unclean-20260422T045142385752Z/raw/code_translate/starcoder2_15b_lora_unclean_20260422T045142385752Z_0_end.jsonl,188,5727,3159
benchmark_runs/codellama-7b-hf-baseline-20260417T210746876064Z/raw/code_switch/codellama_7b_hf_baseline_20260417T210746876064Z_0_end.jsonl,177,6371,2969
benchmark_runs/starcoder2-3b-lora-clean-20260415T184243037831Z/raw/code_polishment/starcoder2_3b_lora_clean_20260415T184243037831Z_0_end.jsonl,175,6520,3563
benchmark_runs/codellama-13b-hf-lora-clean-20260416T223503762228Z/raw/code_translate/codellama_13b_hf_lora_clean_20260416T223503762228Z_0_end.jsonl,172,6728,3286
benchmark_runs/codellama-13b-hf-lora-clean-20260418T012800231495Z/raw/code_translate/codellama_13b_hf_lora_clean_20260418T012800231495Z_0_end.jsonl,170,6728,3286
benchmark_runs/codellama-7b-hf-baseline-20260416T203718323269Z/raw/code_switch/codellama_7b_hf_baseline_20260416T203718323269Z_0_end.jsonl,168,6371,2944
benchmark_runs/qwen2.5-3b-lora-clean-20260410T223629917510Z/raw/code_debug/qwen2_5_3b_lora_clean_20260410T223629917510Z_0_end.jsonl,160,5389,4175
benchmark_runs/qwen2.5-3b-lora-clean-20260410T223629917510Z/raw/code_switch/qwen2_5_3b_lora_clean_20260410T223629917510Z_0_end.jsonl,159,5051,4153
benchmark_runs/qwen2.5-3b-lora-clean-20260410T223629917510Z/raw/code_translate/qwen2_5_3b_lora_clean_20260410T223629917510Z_0_end.jsonl,159,5650,4209
benchmark_runs/qwen2.5-3b-lora-clean-20260410T223629917510Z/raw/code_polishment/qwen2_5_3b_lora_clean_20260410T223629917510Z_0_end.jsonl,157,5704,4095
benchmark_runs/codellama-7b-hf-lora-unclean74k-20260417T015336950540Z/raw/code_translate/codellama_7b_hf_lora_unclean74k_20260417T015336950540Z_0_end.jsonl,155,4346,3052
benchmark_runs/qwen3-14b-base-lora-unclean74k-20260410T054021177957Z/raw/code_translate/qwen3_14b_base_lora_unclean74k_20260410T054021177957Z_0_end.jsonl,151,7448,4233
benchmark_runs/qwen3-8b-base-lora-dirty-20260419T021315189958Z/raw/code_polishment/qwen3_8b_base_lora_dirty_20260419T021315189958Z_0_end.jsonl,151,7372,4397
benchmark_runs/qwen3-8b-base-lora-dirty-20260410T072848996821Z/raw/code_polishment/qwen3_8b_base_lora_dirty_20260410T072848996821Z_0_end.jsonl,150,7372,4410
benchmark_runs/starcoder2-15b-lora-dirty-20260415T155355630673Z/raw/code_translate/starcoder2_15b_lora_dirty_20260415T155355630673Z_0_end.jsonl,143,7907,3119
benchmark_runs/starcoder2-15b-lora-dirty-20260415T201924902204Z/raw/code_translate/starcoder2_15b_lora_dirty_20260415T201924902204Z_0_end.jsonl,143,7898,3123
benchmark_runs/qwen3-14b-base-lora-unclean74k-20260418T235622400870Z/raw/code_translate/qwen3_14b_base_lora_unclean74k_20260418T235622400870Z_0_end.jsonl,142,6446,4138
benchmark_runs/codellama-13b-hf-lora-unclean-20260422T073850699214Z/raw/code_debug/codellama_13b_hf_lora_unclean_20260422T073850699214Z_0_end.jsonl,140,4458,3443
benchmark_runs/qwen2.5-3b-lora-dirty10k-20260409T225635871397Z/raw/code_debug/qwen2_5_3b_lora_dirty10k_20260409T225635871397Z_0_end.jsonl,136,5173,4206
benchmark_runs/codellama-13b-hf-lora-unclean74k-20260416T235008836128Z/raw/code_translate/codellama_13b_hf_lora_unclean74k_20260416T235008836128Z_0_end.jsonl,135,4336,3315
benchmark_runs/starcoder2-15b-lora-unclean74k-20260417T033028891121Z/raw/code_translate/starcoder2_15b_lora_unclean74k_20260417T033028891121Z_0_end.jsonl,134,6509,3100
benchmark_runs/starcoder2-3b-lora-unclean74k-20260415T190943073079Z/raw/code_polishment/starcoder2_3b_lora_unclean74k_20260415T190943073079Z_0_end.jsonl,132,6462,3605
benchmark_runs/codellama-13b-hf-lora-clean-20260416T223503762228Z/raw/code_debug/codellama_13b_hf_lora_clean_20260416T223503762228Z_0_end.jsonl,129,4731,3195
benchmark_runs/codellama-13b-hf-lora-clean-20260418T012800231495Z/raw/code_debug/codellama_13b_hf_lora_clean_20260418T012800231495Z_0_end.jsonl,129,9171,3260
benchmark_runs/qwen2.5-3b-baseline-20260416T203808663176Z/raw/code_polishment/qwen2_5_3b_baseline_20260416T203808663176Z_0_end.jsonl,126,8078,4018
benchmark_runs/qwen2.5-3b-lora-dirty10k-20260409T225635871397Z/raw/code_polishment/qwen2_5_3b_lora_dirty10k_20260409T225635871397Z_0_end.jsonl,118,5679,4135
benchmark_runs/codellama-13b-hf-lora-unclean-20260422T142655395643Z/raw/code_debug/codellama_13b_hf_lora_unclean_20260422T142655395643Z_0_end.jsonl,114,4458,3462
benchmark_runs/starcoder2-3b-lora-unclean-20260422T052501034373Z/raw/code_debug/starcoder2_3b_lora_unclean_20260422T052501034373Z_0_end.jsonl,112,4941,3590
benchmark_runs/codellama-13b-hf-baseline-20260417T182307180901Z/raw/code_debug/codellama_13b_hf_baseline_20260417T182307180901Z_0_end.jsonl,105,4026,3093
benchmark_runs/codellama-13b-hf-baseline-20260416T203756688024Z/raw/code_debug/codellama_13b_hf_baseline_20260416T203756688024Z_0_end.jsonl,103,4026,3093
benchmark_runs/codellama-7b-hf-lora-dirty-20260417T013647520916Z/raw/code_translate/codellama_7b_hf_lora_dirty_20260417T013647520916Z_0_end.jsonl,103,5553,3013
benchmark_runs/starcoder2-3b-lora-clean-20260415T184243037831Z/raw/code_debug/starcoder2_3b_lora_clean_20260415T184243037831Z_0_end.jsonl,103,8837,3701
benchmark_runs/qwen3-8b-base-lora-unclean-20260423T061654637980Z/raw/code_polishment/qwen3_8b_base_lora_unclean_20260423T061654637980Z_0_end.jsonl,82,7100,4794
benchmark_runs/qwen2.5-3b-baseline-20260416T203808663176Z/raw/code_translate/qwen2_5_3b_baseline_20260416T203808663176Z_0_end.jsonl,81,10457,4129
benchmark_runs/qwen3-4b-base-lora-unclean74k-20260410T070304095128Z/raw/code_translate/qwen3_4b_base_lora_unclean74k_20260410T070304095128Z_0_end.jsonl,81,5862,4127
benchmark_runs/qwen3-4b-base-lora-unclean74k-20260419T015008952109Z/raw/code_translate/qwen3_4b_base_lora_unclean74k_20260419T015008952109Z_0_end.jsonl,80,5862,4127
benchmark_runs/deepseek-coder-6.7b-instruct-lora-unclean74k-20260411T014145970854Z/raw/code_translate/deepseek_coder_6_7b_instruct_lora_unclean74k_20260411T014145970854Z_0_end.jsonl,78,8135,2801
benchmark_runs/qwen3-8b-base-lora-unclean-20260423T061654637980Z/raw/code_translate/qwen3_8b_base_lora_unclean_20260423T061654637980Z_0_end.jsonl,78,5679,4199
benchmark_runs/deepseek-coder-6.7b-instruct-lora-clean-20260419T093951234735Z/raw/code_translate/deepseek_coder_6_7b_instruct_lora_clean_20260419T093951234735Z_0_end.jsonl,74,3621,2847
benchmark_runs/codellama-7b-hf-lora-unclean74k-20260417T015336950540Z/raw/code_polishment/codellama_7b_hf_lora_unclean74k_20260417T015336950540Z_0_end.jsonl,71,7743,2942
benchmark_runs/deepseek-coder-6.7b-instruct-lora-clean-20260411T012036861698Z/raw/code_translate/deepseek_coder_6_7b_instruct_lora_clean_20260411T012036861698Z_0_end.jsonl,70,3621,2829
benchmark_runs/codellama-7b-hf-lora-clean-20260417T011124120221Z/raw/code_switch/codellama_7b_hf_lora_clean_20260417T011124120221Z_0_end.jsonl,66,4365,2887
benchmark_runs/qwen3-8b-base-lora-unclean-20260423T061654637980Z/raw/code_debug/qwen3_8b_base_lora_unclean_20260423T061654637980Z_0_end.jsonl,66,7037,3039
benchmark_runs/codellama-7b-hf-lora-dirty-20260417T013647520916Z/raw/code_switch/codellama_7b_hf_lora_dirty_20260417T013647520916Z_0_end.jsonl,60,5147,2799
benchmark_runs/qwen2.5-3b-baseline-20260416T203808663176Z/raw/code_debug/qwen2_5_3b_baseline_20260416T203808663176Z_0_end.jsonl,60,5381,4036
benchmark_runs/codellama-13b-hf-lora-unclean-20260422T142655395643Z/raw/code_polishment/codellama_13b_hf_lora_unclean_20260422T142655395643Z_0_end.jsonl,59,4043,3402
benchmark_runs/codellama-7b-hf-lora-unclean74k-20260417T015336950540Z/raw/code_switch/codellama_7b_hf_lora_unclean74k_20260417T015336950540Z_0_end.jsonl,57,3862,2866
benchmark_runs/deepseek-coder-6.7b-instruct-lora-dirty-20260411T012526824055Z/raw/code_translate/deepseek_coder_6_7b_instruct_lora_dirty_20260411T012526824055Z_0_end.jsonl,57,4617,2871
benchmark_runs/qwen3-8b-base-lora-dirty-20260419T021315189958Z/raw/code_translate/qwen3_8b_base_lora_dirty_20260419T021315189958Z_0_end.jsonl,56,5742,4314
benchmark_runs/starcoder2-3b-lora-dirty-20260415T185625150058Z/raw/code_polishment/starcoder2_3b_lora_dirty_20260415T185625150058Z_0_end.jsonl,55,16379,3600
benchmark_runs/qwen3-8b-base-lora-dirty-20260410T072848996821Z/raw/code_translate/qwen3_8b_base_lora_dirty_20260410T072848996821Z_0_end.jsonl,54,5742,4314
benchmark_runs/codellama-7b-hf-lora-unclean-20260422T161244348307Z/raw/code_switch/codellama_7b_hf_lora_unclean_20260422T161244348307Z_0_end.jsonl,53,5278,2946
benchmark_runs/deepseek-coder-6.7b-instruct-lora-dirty-20260419T100238758256Z/raw/code_translate/deepseek_coder_6_7b_instruct_lora_dirty_20260419T100238758256Z_0_end.jsonl,52,4617,2782
benchmark_runs/qwen2.5-coder-3b-baseline-20260416T154749786319Z/raw/code_translate/qwen2_5_coder_3b_baseline_20260416T154749786319Z_0_end.jsonl,51,7314,4894
benchmark_runs/qwen3-8b-base-lora-dirty-20260419T021315189958Z/raw/code_debug/qwen3_8b_base_lora_dirty_20260419T021315189958Z_0_end.jsonl,49,7100,4096
benchmark_runs/qwen3-8b-base-lora-dirty-20260410T072848996821Z/raw/code_debug/qwen3_8b_base_lora_dirty_20260410T072848996821Z_0_end.jsonl,47,7100,4096
benchmark_runs/qwen2.5-coder-3b-baseline-20260416T154749786319Z/raw/code_debug/qwen2_5_coder_3b_baseline_20260416T154749786319Z_0_end.jsonl,46,5237,3949
benchmark_runs/starcoder2-15b-lora-clean-20260415T201924901993Z/raw/code_polishment/starcoder2_15b_lora_clean_20260415T201924901993Z_0_end.jsonl,46,5922,3694
benchmark_runs/starcoder2-15b-lora-clean-20260415T155354241294Z/raw/code_polishment/starcoder2_15b_lora_clean_20260415T155354241294Z_0_end.jsonl,45,5922,3744
benchmark_runs/qwen2.5-coder-14b-instruct-lora-clean-20260418T135846185197Z/raw/code_translate/qwen2_5_coder_14b_instruct_lora_clean_20260418T135846185197Z_0_end.jsonl,44,7654,4071
benchmark_runs/qwen2.5-coder-14b-instruct-lora-clean-20260411T000617726282Z/raw/code_translate/qwen2_5_coder_14b_instruct_lora_clean_20260411T000617726282Z_0_end.jsonl,41,8021,3915
benchmark_runs/qwen2.5-coder-14b-instruct-lora-unclean74k-20260418T151456451128Z/raw/code_translate/qwen2_5_coder_14b_instruct_lora_unclean74k_20260418T151456451128Z_0_end.jsonl,38,7228,4035
benchmark_runs/codellama-13b-hf-lora-unclean-20260422T142655395643Z/raw/code_translate/codellama_13b_hf_lora_unclean_20260422T142655395643Z_0_end.jsonl,37,3871,3403
benchmark_runs/codellama-13b-hf-lora-unclean74k-20260418T024314961105Z/raw/code_polishment/codellama_13b_hf_lora_unclean74k_20260418T024314961105Z_0_end.jsonl,37,7270,2995
benchmark_runs/codellama-7b-hf-lora-dirty-20260417T013647520916Z/raw/code_polishment/codellama_7b_hf_lora_dirty_20260417T013647520916Z_0_end.jsonl,35,4208,3127
benchmark_runs/qwen3-4b-base-lora-unclean74k-20260410T070304095128Z/raw/code_switch/qwen3_4b_base_lora_unclean74k_20260410T070304095128Z_0_end.jsonl,35,4537,3922
benchmark_runs/qwen3-4b-base-lora-unclean74k-20260419T015008952109Z/raw/code_switch/qwen3_4b_base_lora_unclean74k_20260419T015008952109Z_0_end.jsonl,35,4537,3922
benchmark_runs/codellama-13b-hf-lora-unclean74k-20260416T235008836128Z/raw/code_polishment/codellama_13b_hf_lora_unclean74k_20260416T235008836128Z_0_end.jsonl,33,8049,3029
benchmark_runs/qwen2.5-coder-14b-instruct-lora-unclean74k-20260411T004538569534Z/raw/code_translate/qwen2_5_coder_14b_instruct_lora_unclean74k_20260411T004538569534Z_0_end.jsonl,33,7228,3811
benchmark_runs/starcoder2-3b-lora-unclean74k-20260415T190943073079Z/raw/code_debug/starcoder2_3b_lora_unclean74k_20260415T190943073079Z_0_end.jsonl,33,6627,3550
benchmark_runs/starcoder2-15b-lora-unclean74k-20260417T033028891121Z/raw/code_polishment/starcoder2_15b_lora_unclean74k_20260417T033028891121Z_0_end.jsonl,31,4206,3853
benchmark_runs/codellama-7b-hf-lora-unclean-20260423T002325165540Z/raw/code_debug/codellama_7b_hf_lora_unclean_20260423T002325165540Z_0_end.jsonl,30,3816,3268
benchmark_runs/qwen2.5-3b-baseline-20260416T203808663176Z/raw/code_switch/qwen2_5_3b_baseline_20260416T203808663176Z_0_end.jsonl,30,7348,3928
benchmark_runs/codellama-13b-hf-lora-unclean74k-20260418T024314961105Z/raw/code_debug/codellama_13b_hf_lora_unclean74k_20260418T024314961105Z_0_end.jsonl,25,4224,3269
benchmark_runs/codellama-13b-hf-lora-dirty-20260416T234928797501Z/raw/code_debug/codellama_13b_hf_lora_dirty_20260416T234928797501Z_0_end.jsonl,24,4156,3250
benchmark_runs/codellama-13b-hf-lora-unclean74k-20260416T235008836128Z/raw/code_switch/codellama_13b_hf_lora_unclean74k_20260416T235008836128Z_0_end.jsonl,24,4098,2755
benchmark_runs/qwen3-8b-base-baseline-20260409T151644Z/raw/code_translate/qwen3_8b_base_baseline_20260409T151644Z_0_end.jsonl,24,5117,4778
benchmark_runs/starcoder2-7b-lora-clean-20260415T192522528383Z/raw/code_debug/starcoder2_7b_lora_clean_20260415T192522528383Z_0_end.jsonl,24,3119,2856
benchmark_runs/codellama-13b-hf-lora-unclean74k-20260418T024314961105Z/raw/code_switch/codellama_13b_hf_lora_unclean74k_20260418T024314961105Z_0_end.jsonl,21,4098,2819
benchmark_runs/codellama-7b-hf-lora-dirty-20260417T013647520916Z/raw/code_debug/codellama_7b_hf_lora_dirty_20260417T013647520916Z_0_end.jsonl,21,4351,3243
benchmark_runs/codellama-13b-hf-lora-unclean74k-20260416T235008836128Z/raw/code_debug/codellama_13b_hf_lora_unclean74k_20260416T235008836128Z_0_end.jsonl,20,4224,3269
benchmark_runs/starcoder2-15b-lora-unclean74k-20260417T033028891121Z/raw/code_switch/starcoder2_15b_lora_unclean74k_20260417T033028891121Z_0_end.jsonl,20,3588,2990
benchmark_runs/starcoder2-3b-lora-clean-20260415T184243037831Z/raw/code_switch/starcoder2_3b_lora_clean_20260415T184243037831Z_0_end.jsonl,20,9786,3077
benchmark_runs/qwen2.5-coder-14b-instruct-lora-unclean-20260422T015606876627Z/raw/code_translate/qwen2_5_coder_14b_instruct_lora_unclean_20260422T015606876627Z_0_end.jsonl,19,5848,4224
benchmark_runs/qwen2.5-coder-14b-instruct-lora-unclean-20260422T114652213156Z/raw/code_translate/qwen2_5_coder_14b_instruct_lora_unclean_20260422T114652213156Z_0_end.jsonl,19,6992,4203
benchmark_runs/qwen2.5-coder-3b-instruct-lora-unclean74k-20260409T234720085945Z/raw/code_translate/qwen2_5_coder_3b_instruct_lora_unclean74k_20260409T234720085945Z_0_end.jsonl,19,7076,3876
benchmark_runs/qwen3-4b-base-baseline-20260409T150915Z/raw/code_switch/qwen3_4b_base_baseline_20260409T150915Z_0_end.jsonl,19,5329,3918
benchmark_runs/starcoder2-7b-lora-dirty-20260415T194416368888Z/raw/code_debug/starcoder2_7b_lora_dirty_20260415T194416368888Z_0_end.jsonl,19,4350,2955
benchmark_runs/codellama-7b-hf-lora-unclean74k-20260417T015336950540Z/raw/code_debug/codellama_7b_hf_lora_unclean74k_20260417T015336950540Z_0_end.jsonl,18,4267,3249
benchmark_runs/qwen2.5-coder-14b-instruct-lora-dirty-20260418T144429672394Z/raw/code_translate/qwen2_5_coder_14b_instruct_lora_dirty_20260418T144429672394Z_0_end.jsonl,18,7367,3158
benchmark_runs/qwen3-4b-base-baseline-20260409T150915Z/raw/code_translate/qwen3_4b_base_baseline_20260409T150915Z_0_end.jsonl,18,5392,3821
benchmark_runs/qwen2.5-coder-14b-instruct-lora-unclean-20260422T200602565163Z/raw/code_translate/qwen2_5_coder_14b_instruct_lora_unclean_20260422T200602565163Z_0_end.jsonl,16,7426,4340
benchmark_runs/qwen3-14b-base-baseline-20260409T141919Z/raw/code_polishment/qwen3_14b_base_baseline_20260409T141919Z_0_end.jsonl,16,4432,4066
benchmark_runs/starcoder2-3b-lora-unclean-20260422T052501034373Z/raw/code_switch/starcoder2_3b_lora_unclean_20260422T052501034373Z_0_end.jsonl,16,10451,3232
benchmark_runs/qwen2.5-coder-14b-instruct-lora-dirty-20260411T001706526896Z/raw/code_translate/qwen2_5_coder_14b_instruct_lora_dirty_20260411T001706526896Z_0_end.jsonl,15,7319,3884
benchmark_runs/qwen3-14b-base-lora-unclean74k-20260418T235622400870Z/raw/code_switch/qwen3_14b_base_lora_unclean74k_20260418T235622400870Z_0_end.jsonl,15,4728,4069
benchmark_runs/starcoder2-15b-lora-clean-20260415T155354241294Z/raw/code_debug/starcoder2_15b_lora_clean_20260415T155354241294Z_0_end.jsonl,15,3882,3479
benchmark_runs/deepseek-coder-6.7b-instruct-baseline-20260418T003702096818Z/raw/code_polishment/deepseek_coder_6_7b_instruct_baseline_20260418T003702096818Z_0_end.jsonl,14,3890,3602
benchmark_runs/qwen2.5-coder-3b-instruct-lora-dirty-20260409T233529274300Z/raw/code_translate/qwen2_5_coder_3b_instruct_lora_dirty_20260409T233529274300Z_0_end.jsonl,14,6531,3953
benchmark_runs/starcoder2-15b-lora-clean-20260415T201924901993Z/raw/code_debug/starcoder2_15b_lora_clean_20260415T201924901993Z_0_end.jsonl,14,3882,3488
benchmark_runs/codellama-7b-hf-lora-unclean-20260423T002325165540Z/raw/code_switch/codellama_7b_hf_lora_unclean_20260423T002325165540Z_0_end.jsonl,12,5286,3055
benchmark_runs/qwen2.5-coder-3b-baseline-20260416T154749786319Z/raw/code_switch/qwen2_5_coder_3b_baseline_20260416T154749786319Z_0_end.jsonl,12,4877,3844
benchmark_runs/qwen2.5-coder-3b-instruct-lora-unclean74k-20260409T234720085945Z/raw/code_switch/qwen2_5_coder_3b_instruct_lora_unclean74k_20260409T234720085945Z_0_end.jsonl,12,4395,3937
benchmark_runs/qwen3-8b-base-baseline-20260409T151644Z/raw/code_switch/qwen3_8b_base_baseline_20260409T151644Z_0_end.jsonl,12,4583,4020
benchmark_runs/codellama-7b-hf-baseline-20260416T203718323269Z/raw/code_debug/codellama_7b_hf_baseline_20260416T203718323269Z_0_end.jsonl,11,4381,3272
benchmark_runs/codellama-7b-hf-baseline-20260417T210746876064Z/raw/code_debug/codellama_7b_hf_baseline_20260417T210746876064Z_0_end.jsonl,11,4381,3299
benchmark_runs/deepseek-coder-6.7b-instruct-baseline-20260410T195531872200Z/raw/code_polishment/deepseek_coder_6_7b_instruct_baseline_20260410T195531872200Z_0_end.jsonl,11,3723,3604
benchmark_runs/qwen3-14b-base-lora-unclean74k-20260410T054021177957Z/raw/code_switch/qwen3_14b_base_lora_unclean74k_20260410T054021177957Z_0_end.jsonl,11,4296,3932
benchmark_runs/starcoder2-3b-lora-dirty-20260415T185625150058Z/raw/code_switch/starcoder2_3b_lora_dirty_20260415T185625150058Z_0_end.jsonl,11,4095,3272
benchmark_runs/deepseek-coder-6.7b-instruct-baseline-20260410T195531872200Z/raw/code_debug/deepseek_coder_6_7b_instruct_baseline_20260410T195531872200Z_0_end.jsonl,10,3754,3563
benchmark_runs/deepseek-coder-6.7b-instruct-baseline-20260418T003702096818Z/raw/code_debug/deepseek_coder_6_7b_instruct_baseline_20260418T003702096818Z_0_end.jsonl,10,3797,3504
benchmark_runs/qwen2.5-coder-3b-instruct-lora-dirty-20260409T233529274300Z/raw/code_switch/qwen2_5_coder_3b_instruct_lora_dirty_20260409T233529274300Z_0_end.jsonl,10,5674,4488
benchmark_runs/qwen2.5-coder-3b-instruct-lora-unclean-20260422T202740715059Z/raw/code_translate/qwen2_5_coder_3b_instruct_lora_unclean_20260422T202740715059Z_0_end.jsonl,10,5337,3425
benchmark_runs/qwen2.5-coder-7b-instruct-lora-clean-20260411T004852237385Z/raw/code_translate/qwen2_5_coder_7b_instruct_lora_clean_20260411T004852237385Z_0_end.jsonl,10,7184,4087
benchmark_runs/qwen2.5-coder-7b-instruct-lora-unclean-20260422T204313335564Z/raw/code_translate/qwen2_5_coder_7b_instruct_lora_unclean_20260422T204313335564Z_0_end.jsonl,10,5568,4700
benchmark_runs/starcoder2-3b-lora-unclean74k-20260415T190943073079Z/raw/code_switch/starcoder2_3b_lora_unclean74k_20260415T190943073079Z_0_end.jsonl,10,4178,3720
benchmark_runs/codellama-13b-hf-lora-clean-20260418T012800231495Z/raw/code_switch/codellama_13b_hf_lora_clean_20260418T012800231495Z_0_end.jsonl,9,3408,2990
benchmark_runs/qwen2.5-coder-7b-instruct-lora-unclean-20260423T135142315231Z/raw/code_translate/qwen2_5_coder_7b_instruct_lora_unclean_20260423T135142315231Z_0_end.jsonl,9,5424,4797
benchmark_runs/codellama-13b-hf-lora-clean-20260416T223503762228Z/raw/code_switch/codellama_13b_hf_lora_clean_20260416T223503762228Z_0_end.jsonl,8,3408,3142
benchmark_runs/qwen2.5-coder-3b-instruct-lora-unclean-20260422T120007440204Z/raw/code_translate/qwen2_5_coder_3b_instruct_lora_unclean_20260422T120007440204Z_0_end.jsonl,8,6074,3777
benchmark_runs/starcoder2-15b-lora-unclean-20260422T045142385752Z/raw/code_polishment/starcoder2_15b_lora_unclean_20260422T045142385752Z_0_end.jsonl,8,3740,3078
benchmark_runs/codellama-13b-hf-lora-unclean-20260422T142655395643Z/raw/code_switch/codellama_13b_hf_lora_unclean_20260422T142655395643Z_0_end.jsonl,7,3953,2852
benchmark_runs/qwen3-14b-base-baseline-20260409T141919Z/raw/code_translate/qwen3_14b_base_baseline_20260409T141919Z_0_end.jsonl,7,5118,4519
benchmark_runs/starcoder2-15b-lora-clean-20260415T201924901993Z/raw/code_switch/starcoder2_15b_lora_clean_20260415T201924901993Z_0_end.jsonl,7,4321,3709
benchmark_runs/codellama-13b-hf-lora-unclean-20260422T073850699214Z/raw/code_switch/codellama_13b_hf_lora_unclean_20260422T073850699214Z_0_end.jsonl,6,3408,2819
benchmark_runs/deepseek-coder-6.7b-instruct-lora-dirty-20260411T012526824055Z/raw/code_switch/deepseek_coder_6_7b_instruct_lora_dirty_20260411T012526824055Z_0_end.jsonl,6,4098,4098
benchmark_runs/deepseek-coder-6.7b-instruct-lora-dirty-20260419T100238758256Z/raw/code_switch/deepseek_coder_6_7b_instruct_lora_dirty_20260419T100238758256Z_0_end.jsonl,6,4098,4098
benchmark_runs/deepseek-coder-6.7b-instruct-lora-unclean74k-20260411T014145970854Z/raw/code_switch/deepseek_coder_6_7b_instruct_lora_unclean74k_20260411T014145970854Z_0_end.jsonl,6,7016,4098
benchmark_runs/qwen2.5-coder-3b-instruct-lora-clean-20260416T215316432931Z/raw/code_translate/qwen2_5_coder_3b_instruct_lora_clean_20260416T215316432931Z_0_end.jsonl,6,6907,3617
benchmark_runs/qwen2.5-coder-3b-instruct-lora-unclean-20260422T021850084897Z/raw/code_translate/qwen2_5_coder_3b_instruct_lora_unclean_20260422T021850084897Z_0_end.jsonl,6,7179,3425
benchmark_runs/starcoder2-15b-lora-dirty-20260415T155355630673Z/raw/code_polishment/starcoder2_15b_lora_dirty_20260415T155355630673Z_0_end.jsonl,6,3835,3739
benchmark_runs/starcoder2-15b-lora-dirty-20260415T201924902204Z/raw/code_polishment/starcoder2_15b_lora_dirty_20260415T201924902204Z_0_end.jsonl,6,3835,3739
benchmark_runs/starcoder2-15b-lora-unclean-20260422T045142385752Z/raw/code_switch/starcoder2_15b_lora_unclean_20260422T045142385752Z_0_end.jsonl,6,3659,3190
benchmark_runs/starcoder2-7b-lora-clean-20260415T192522528383Z/raw/code_switch/starcoder2_7b_lora_clean_20260415T192522528383Z_0_end.jsonl,6,3626,2581
benchmark_runs/codellama-7b-hf-lora-unclean-20260423T002325165540Z/raw/code_polishment/codellama_7b_hf_lora_unclean_20260423T002325165540Z_0_end.jsonl,5,3277,2499
benchmark_runs/deepseek-coder-6.7b-instruct-baseline-20260410T195531872200Z/raw/code_switch/deepseek_coder_6_7b_instruct_baseline_20260410T195531872200Z_0_end.jsonl,5,4047,3772
benchmark_runs/deepseek-coder-6.7b-instruct-lora-clean-20260419T093951234735Z/raw/code_switch/deepseek_coder_6_7b_instruct_lora_clean_20260419T093951234735Z_0_end.jsonl,5,6025,3269
benchmark_runs/qwen2.5-coder-14b-instruct-baseline-20260410T235732861959Z/raw/code_translate/qwen2_5_coder_14b_instruct_baseline_20260410T235732861959Z_0_end.jsonl,5,3941,2070
benchmark_runs/qwen2.5-coder-14b-instruct-baseline-20260417T223807064359Z/raw/code_translate/qwen2_5_coder_14b_instruct_baseline_20260417T223807064359Z_0_end.jsonl,5,3920,2360
benchmark_runs/qwen2.5-coder-7b-instruct-lora-unclean74k-20260411T011312501894Z/raw/code_translate/qwen2_5_coder_7b_instruct_lora_unclean74k_20260411T011312501894Z_0_end.jsonl,5,4838,3180
benchmark_runs/qwen3-4b-base-baseline-20260409T150915Z/raw/code_polishment/qwen3_4b_base_baseline_20260409T150915Z_0_end.jsonl,5,4306,4058
benchmark_runs/qwen3-8b-base-baseline-20260409T151644Z/raw/code_polishment/qwen3_8b_base_baseline_20260409T151644Z_0_end.jsonl,5,4389,3914
benchmark_runs/qwen3-8b-base-lora-dirty-20260419T021315189958Z/raw/code_switch/qwen3_8b_base_lora_dirty_20260419T021315189958Z_0_end.jsonl,5,4383,3903
benchmark_runs/starcoder2-15b-lora-clean-20260415T155354241294Z/raw/code_switch/starcoder2_15b_lora_clean_20260415T155354241294Z_0_end.jsonl,5,4321,4270
benchmark_runs/deepseek-coder-6.7b-instruct-baseline-20260410T195531872200Z/raw/code_translate/deepseek_coder_6_7b_instruct_baseline_20260410T195531872200Z_0_end.jsonl,4,4177,4073
benchmark_runs/deepseek-coder-6.7b-instruct-baseline-20260418T003702096818Z/raw/code_switch/deepseek_coder_6_7b_instruct_baseline_20260418T003702096818Z_0_end.jsonl,4,4048,3772
benchmark_runs/deepseek-coder-6.7b-instruct-baseline-20260418T003702096818Z/raw/code_translate/deepseek_coder_6_7b_instruct_baseline_20260418T003702096818Z_0_end.jsonl,4,4083,4001
benchmark_runs/qwen2.5-coder-14b-instruct-lora-unclean74k-20260411T004538569534Z/raw/code_switch/qwen2_5_coder_14b_instruct_lora_unclean74k_20260411T004538569534Z_0_end.jsonl,4,3952,3089
benchmark_runs/qwen2.5-coder-3b-instruct-lora-clean-20260418T155605559788Z/raw/code_translate/qwen2_5_coder_3b_instruct_lora_clean_20260418T155605559788Z_0_end.jsonl,4,5567,3617
benchmark_runs/qwen3-8b-base-lora-dirty-20260410T072848996821Z/raw/code_switch/qwen3_8b_base_lora_dirty_20260410T072848996821Z_0_end.jsonl,4,4117,3903
benchmark_runs/starcoder2-15b-lora-dirty-20260415T155355630673Z/raw/code_switch/starcoder2_15b_lora_dirty_20260415T155355630673Z_0_end.jsonl,4,3809,2810
benchmark_runs/codellama-13b-hf-lora-dirty-20260416T234928797501Z/raw/code_switch/codellama_13b_hf_lora_dirty_20260416T234928797501Z_0_end.jsonl,3,4095,3463
benchmark_runs/qwen2.5-coder-14b-instruct-lora-unclean74k-20260418T151456451128Z/raw/code_switch/qwen2_5_coder_14b_instruct_lora_unclean74k_20260418T151456451128Z_0_end.jsonl,3,3952,3089
benchmark_runs/qwen2.5-coder-3b-instruct-lora-clean-20260416T215316432931Z/raw/code_switch/qwen2_5_coder_3b_instruct_lora_clean_20260416T215316432931Z_0_end.jsonl,3,4499,4115
benchmark_runs/qwen2.5-coder-3b-instruct-lora-unclean74k-20260409T234720085945Z/raw/code_polishment/qwen2_5_coder_3b_instruct_lora_unclean74k_20260409T234720085945Z_0_end.jsonl,3,4144,4122
benchmark_runs/qwen2.5-coder-7b-instruct-lora-dirty-20260411T010137948445Z/raw/code_translate/qwen2_5_coder_7b_instruct_lora_dirty_20260411T010137948445Z_0_end.jsonl,3,6491,4202
benchmark_runs/qwen3-14b-base-baseline-20260409T141919Z/raw/code_switch/qwen3_14b_base_baseline_20260409T141919Z_0_end.jsonl,3,4277,3742
benchmark_runs/qwen3-8b-base-baseline-20260409T151644Z/raw/code_debug/qwen3_8b_base_baseline_20260409T151644Z_0_end.jsonl,3,4387,4059
benchmark_runs/starcoder2-7b-lora-unclean-20260423T171233725739Z/raw/code_switch/starcoder2_7b_lora_unclean_20260423T171233725739Z_0_end.jsonl,3,3694,3261
benchmark_runs/starcoder2-7b-lora-unclean74k-20260415T204908165034Z/raw/code_switch/starcoder2_7b_lora_unclean74k_20260415T204908165034Z_0_end.jsonl,3,4605,3618
benchmark_runs/deepseek-coder-6.7b-instruct-lora-clean-20260411T012036861698Z/raw/code_polishment/deepseek_coder_6_7b_instruct_lora_clean_20260411T012036861698Z_0_end.jsonl,2,5174,5174
benchmark_runs/deepseek-coder-6.7b-instruct-lora-clean-20260419T093951234735Z/raw/code_polishment/deepseek_coder_6_7b_instruct_lora_clean_20260419T093951234735Z_0_end.jsonl,2,5174,5174
benchmark_runs/qwen2.5-coder-14b-instruct-lora-unclean-20260422T015606876627Z/raw/code_switch/qwen2_5_coder_14b_instruct_lora_unclean_20260422T015606876627Z_0_end.jsonl,2,3554,3554
benchmark_runs/qwen2.5-coder-3b-instruct-baseline-20260416T205503165236Z/raw/code_translate/qwen2_5_coder_3b_instruct_baseline_20260416T205503165236Z_0_end.jsonl,2,3294,3294
benchmark_runs/qwen2.5-coder-3b-instruct-baseline-20260417T225816087737Z/raw/code_switch/qwen2_5_coder_3b_instruct_baseline_20260417T225816087737Z_0_end.jsonl,2,5997,5997
benchmark_runs/qwen2.5-coder-3b-instruct-baseline-20260417T225816087737Z/raw/code_translate/qwen2_5_coder_3b_instruct_baseline_20260417T225816087737Z_0_end.jsonl,2,3293,3293
benchmark_runs/qwen2.5-coder-3b-instruct-lora-unclean-20260422T120007440204Z/raw/code_switch/qwen2_5_coder_3b_instruct_lora_unclean_20260422T120007440204Z_0_end.jsonl,2,4208,4208
benchmark_runs/qwen2.5-coder-3b-instruct-lora-unclean-20260422T202740715059Z/raw/code_switch/qwen2_5_coder_3b_instruct_lora_unclean_20260422T202740715059Z_0_end.jsonl,2,4208,4208
benchmark_runs/qwen2.5-coder-3b-instruct-lora-unclean74k-20260409T234720085945Z/raw/code_debug/qwen2_5_coder_3b_instruct_lora_unclean74k_20260409T234720085945Z_0_end.jsonl,2,4092,4092
benchmark_runs/qwen2.5-coder-7b-instruct-lora-dirty-20260418T175343876581Z/raw/code_debug/qwen2_5_coder_7b_instruct_lora_dirty_20260418T175343876581Z_0_end.jsonl,2,4537,4537
benchmark_runs/qwen2.5-coder-7b-instruct-lora-dirty-20260418T175343876581Z/raw/code_translate/qwen2_5_coder_7b_instruct_lora_dirty_20260418T175343876581Z_0_end.jsonl,2,4202,4202
benchmark_runs/qwen2.5-coder-7b-instruct-lora-unclean-20260422T204313335564Z/raw/code_polishment/qwen2_5_coder_7b_instruct_lora_unclean_20260422T204313335564Z_0_end.jsonl,2,5141,5141
benchmark_runs/qwen2.5-coder-7b-instruct-lora-unclean-20260423T135142315231Z/raw/code_debug/qwen2_5_coder_7b_instruct_lora_unclean_20260423T135142315231Z_0_end.jsonl,2,3957,3957
benchmark_runs/qwen2.5-coder-7b-instruct-lora-unclean-20260423T135142315231Z/raw/code_switch/qwen2_5_coder_7b_instruct_lora_unclean_20260423T135142315231Z_0_end.jsonl,2,4201,4201
benchmark_runs/qwen3-4b-base-baseline-20260409T150915Z/raw/code_debug/qwen3_4b_base_baseline_20260409T150915Z_0_end.jsonl,2,4123,4123
benchmark_runs/starcoder2-15b-lora-dirty-20260415T201924902204Z/raw/code_switch/starcoder2_15b_lora_dirty_20260415T201924902204Z_0_end.jsonl,2,4086,4086
benchmark_runs/starcoder2-3b-lora-dirty-20260415T185625150058Z/raw/code_debug/starcoder2_3b_lora_dirty_20260415T185625150058Z_0_end.jsonl,2,3121,3121
benchmark_runs/starcoder2-7b-lora-unclean-20260423T171233725739Z/raw/code_polishment/starcoder2_7b_lora_unclean_20260423T171233725739Z_0_end.jsonl,2,4644,4644
benchmark_runs/codellama-7b-hf-lora-unclean-20260423T002325165540Z/raw/code_translate/codellama_7b_hf_lora_unclean_20260423T002325165540Z_0_end.jsonl,1,3564,3564
benchmark_runs/deepseek-coder-6.7b-instruct-lora-clean-20260411T012036861698Z/raw/code_switch/deepseek_coder_6_7b_instruct_lora_clean_20260411T012036861698Z_0_end.jsonl,1,6025,6025
benchmark_runs/deepseek-coder-6.7b-instruct-lora-dirty-20260411T012526824055Z/raw/code_polishment/deepseek_coder_6_7b_instruct_lora_dirty_20260411T012526824055Z_0_end.jsonl,1,4056,4056
benchmark_runs/deepseek-coder-6.7b-instruct-lora-dirty-20260419T100238758256Z/raw/code_polishment/deepseek_coder_6_7b_instruct_lora_dirty_20260419T100238758256Z_0_end.jsonl,1,4056,4056
benchmark_runs/qwen2.5-coder-14b-instruct-lora-clean-20260411T000617726282Z/raw/code_switch/qwen2_5_coder_14b_instruct_lora_clean_20260411T000617726282Z_0_end.jsonl,1,3746,3746
benchmark_runs/qwen2.5-coder-14b-instruct-lora-clean-20260418T135846185197Z/raw/code_switch/qwen2_5_coder_14b_instruct_lora_clean_20260418T135846185197Z_0_end.jsonl,1,3746,3746
benchmark_runs/qwen2.5-coder-14b-instruct-lora-unclean-20260422T015606876627Z/raw/code_polishment/qwen2_5_coder_14b_instruct_lora_unclean_20260422T015606876627Z_0_end.jsonl,1,4695,4695
benchmark_runs/qwen2.5-coder-14b-instruct-lora-unclean-20260422T114652213156Z/raw/code_switch/qwen2_5_coder_14b_instruct_lora_unclean_20260422T114652213156Z_0_end.jsonl,1,3554,3554
benchmark_runs/qwen2.5-coder-14b-instruct-lora-unclean-20260422T200602565163Z/raw/code_switch/qwen2_5_coder_14b_instruct_lora_unclean_20260422T200602565163Z_0_end.jsonl,1,3554,3554
benchmark_runs/qwen2.5-coder-3b-instruct-baseline-20260416T205503165236Z/raw/code_switch/qwen2_5_coder_3b_instruct_baseline_20260416T205503165236Z_0_end.jsonl,1,3599,3599
benchmark_runs/qwen2.5-coder-3b-instruct-lora-clean-20260416T215316432931Z/raw/code_debug/qwen2_5_coder_3b_instruct_lora_clean_20260416T215316432931Z_0_end.jsonl,1,2746,2746
benchmark_runs/qwen2.5-coder-3b-instruct-lora-clean-20260418T155605559788Z/raw/code_debug/qwen2_5_coder_3b_instruct_lora_clean_20260418T155605559788Z_0_end.jsonl,1,2746,2746
benchmark_runs/qwen2.5-coder-3b-instruct-lora-clean-20260418T155605559788Z/raw/code_polishment/qwen2_5_coder_3b_instruct_lora_clean_20260418T155605559788Z_0_end.jsonl,1,4055,4055
benchmark_runs/qwen2.5-coder-3b-instruct-lora-clean-20260418T155605559788Z/raw/code_switch/qwen2_5_coder_3b_instruct_lora_clean_20260418T155605559788Z_0_end.jsonl,1,4451,4451
benchmark_runs/qwen2.5-coder-3b-instruct-lora-dirty-20260409T233529274300Z/raw/code_debug/qwen2_5_coder_3b_instruct_lora_dirty_20260409T233529274300Z_0_end.jsonl,1,3783,3783
benchmark_runs/qwen2.5-coder-3b-instruct-lora-dirty-20260409T233529274300Z/raw/code_polishment/qwen2_5_coder_3b_instruct_lora_dirty_20260409T233529274300Z_0_end.jsonl,1,4183,4183
benchmark_runs/qwen2.5-coder-3b-instruct-lora-unclean-20260422T021850084897Z/raw/code_debug/qwen2_5_coder_3b_instruct_lora_unclean_20260422T021850084897Z_0_end.jsonl,1,2746,2746
benchmark_runs/qwen2.5-coder-3b-instruct-lora-unclean-20260422T120007440204Z/raw/code_debug/qwen2_5_coder_3b_instruct_lora_unclean_20260422T120007440204Z_0_end.jsonl,1,2746,2746
benchmark_runs/qwen2.5-coder-3b-instruct-lora-unclean-20260422T202740715059Z/raw/code_debug/qwen2_5_coder_3b_instruct_lora_unclean_20260422T202740715059Z_0_end.jsonl,1,2746,2746
benchmark_runs/qwen2.5-coder-3b-instruct-lora-unclean-20260422T202740715059Z/raw/code_polishment/qwen2_5_coder_3b_instruct_lora_unclean_20260422T202740715059Z_0_end.jsonl,1,4699,4699
benchmark_runs/qwen2.5-coder-7b-instruct-lora-clean-20260411T004852237385Z/raw/code_switch/qwen2_5_coder_7b_instruct_lora_clean_20260411T004852237385Z_0_end.jsonl,1,4399,4399
benchmark_runs/qwen2.5-coder-7b-instruct-lora-dirty-20260411T010137948445Z/raw/code_debug/qwen2_5_coder_7b_instruct_lora_dirty_20260411T010137948445Z_0_end.jsonl,1,4537,4537
benchmark_runs/qwen2.5-coder-7b-instruct-lora-dirty-20260418T175343876581Z/raw/code_polishment/qwen2_5_coder_7b_instruct_lora_dirty_20260418T175343876581Z_0_end.jsonl,1,5250,5250
benchmark_runs/qwen2.5-coder-7b-instruct-lora-unclean-20260422T204313335564Z/raw/code_debug/qwen2_5_coder_7b_instruct_lora_unclean_20260422T204313335564Z_0_end.jsonl,1,3957,3957
benchmark_runs/qwen2.5-coder-7b-instruct-lora-unclean-20260422T204313335564Z/raw/code_switch/qwen2_5_coder_7b_instruct_lora_unclean_20260422T204313335564Z_0_end.jsonl,1,3532,3532
benchmark_runs/qwen2.5-coder-7b-instruct-lora-unclean-20260423T135142315231Z/raw/code_polishment/qwen2_5_coder_7b_instruct_lora_unclean_20260423T135142315231Z_0_end.jsonl,1,5141,5141
benchmark_runs/qwen3-14b-base-baseline-20260409T141919Z/raw/code_debug/qwen3_14b_base_baseline_20260409T141919Z_0_end.jsonl,1,2058,2058
benchmark_runs/starcoder2-15b-lora-dirty-20260415T155355630673Z/raw/code_debug/starcoder2_15b_lora_dirty_20260415T155355630673Z_0_end.jsonl,1,2891,2891
benchmark_runs/starcoder2-15b-lora-dirty-20260415T201924902204Z/raw/code_debug/starcoder2_15b_lora_dirty_20260415T201924902204Z_0_end.jsonl,1,3086,3086
benchmark_runs/starcoder2-15b-lora-unclean-20260422T045142385752Z/raw/code_debug/starcoder2_15b_lora_unclean_20260422T045142385752Z_0_end.jsonl,1,3488,3488
benchmark_runs/starcoder2-15b-lora-unclean74k-20260417T033028891121Z/raw/code_debug/starcoder2_15b_lora_unclean74k_20260417T033028891121Z_0_end.jsonl,1,4030,4030
benchmark_runs/starcoder2-7b-lora-dirty-20260415T194416368888Z/raw/code_switch/starcoder2_7b_lora_dirty_20260415T194416368888Z_0_end.jsonl,1,2392,2392
benchmark_runs/starcoder2-7b-lora-unclean-20260423T171233725739Z/raw/code_debug/starcoder2_7b_lora_unclean_20260423T171233725739Z_0_end.jsonl,1,2782,2782
benchmark_runs/starcoder2-7b-lora-unclean74k-20260415T204908165034Z/raw/code_debug/starcoder2_7b_lora_unclean74k_20260415T204908165034Z_0_end.jsonl,1,2852,2852
